nams,sequence,acc,temperature_range,temperature,temperature_definition,comments,article
Xanthomonas campestris pv. campestris str. ATCC 33913,MLFQNVSIAGLAHIDAPHTLTSKEINERLQPTYDRLGIKTDVLGDVAGIHARRLWDQDVQASDAATQAARKALIDANIGIEKIGLLINTSVSRDYLEPSTASIVSGNLGVSDHCMTFDVANACLAFINGMDIAARMLERGEIDYALVVDGETANLVYEKTLERMTSPDVTEEEFRNELAALTLGCGAAAMVMARSELVPDAPRYKGGVTRSATEWNKLCRGNLDRMVTDTRLLLIEGIKLAQKTFVAAKQVLGWAVEELDQFVIHQVSRPHTAAFVKSFGIDPAKVMTIFGEHGNIGPASVPIVLSKLKELGRLKKGDRIALLGIGSGLNCSMAEVVW,NP_635607.1,Mesophilic,,,,
Actinomycetospora chiangmaiensis,MRAAQRYDDVVITGLAHVDAPHVVTSTELEDRLAGTLGRLRITPGLLEKLSGIVERRVWDDGTMPSEVAARAGEKALAASGIDRDDIGILINTSVSRDHLEPSTASIVHGRMELSPEAGNFDLGNACLGFLNGMNVVATMIGAGEIDHGLVVAGETSRFAMESTIARLAGDDATRKMFHQQFATLTVGSGAVAMVLSRGTSGHRFLGGLGRASTMGNSELCVGQADEMRTDSGGLLAAGMELAGRAWKDAVSAFDWDTDSYDVYCLHQVSKVHTRAVADQLGLDIARFPSQFPRFGNIGPAGVPTVLSKAVEDGTVTDGSRVMLMGVGSGINAAAAEVIW,WP_026204600.1,Mesophilic,28,I,,https://www.microbiologyresearch.org/content/journal/ijsem/10.1099/ijs.0.64976-0
Actinoplanes atraurantiacus,MNVGITGIAYALPAREVTTAELQRRVAPKLPPRMFEQATGITRRRVAADDEYASDLAVDAATKVLADTGRDPLDIDLLLFASATRDMAEPATAHVVQAALGSRAHALDVTNACNSFLNGIDLARSMILAGRARNALVVTGETPTRAMRPSLTSFSQARTALAGYTFGDAGAAVLVEPVATGGILDVDAETHSEHWTVGGIFGGGSRHPRGDEHTYFSGDGRRLRAVFEEIGPGLISRVMNRLDHSWDSYAKVLVHQVTLPYLSRFVEVTGVPQDKLVVTVDELGNMASATLGVQLARTYPDLNPGDRVLLVGLGGGVSLMTMVWEVS,WP_097326105.1,Mesophilic,27,O,,https://www.microbiologyresearch.org/content/journal/ijsem/10.1099/ijs.0.037226-0
Agrococcus casei,MRGNATTRHSNVALLGITEAVAPVEVSSKSFDDRLADTLKTLRLPKGLLQRVAGVTTRRNWEHPSDYIEGAADAGRRALEEAGVRPDQIGLLINASVSREMLEPSVAVAVHDSIGLSPAAMNFDITNACLGFVNGMTVAASMIDAGQIDYALIIAGEDMSRVQESTVERLRRDGITRDEYLNEFATLTLGSGAAAAVLGRADRHPEGHLIKGGVTRAATWNHGLCIGDYDGMFTDTQGLLDNGMQLISEAWAEAHDNGWEWTTMDHYIPHQISHVHVNALTEATKIDADRVAKTYPELGNVGPASLPITLARKSGEMKQGDRILCLGVGSGLNTAMLEITW,WP_086990725.1,Mesophilic,30,I,,https://www.microbiologyresearch.org/content/journal/ijsem/10.1099/ijs.0.64270-0
Allokutzneria albata,MTYSRIGQIAVHLPEGGRTSAEVEALVAELNPGFEPPEGLIERFTGVRYRHIAPEDTQASDLAVAAIEKLFASWGHGIDDVDLLIFAAASTDVIEPATAHIVSDKLGGSCPVFDISNACSSVFNAIEVADALIRTGQYRRVLIACGERVSPGARYRDVATMDDFVHAGASHTVSDAGAALLVEASDEPGIIGHRSIANSSAWSATVVPLVHDKESDTLKVEYLGVKTLDLMKGLDQADITPLLDAVAGFGLTMDDFDVVCIHQAVLAYVEVFCERAGIPYDRTVLTLADHGNVASATLPLQLVKAVESGRLNPGDKVLLVGLASGLSLGVMAMQW,WP_030433686.1,Mesophilic,28,I,,https://www.microbiologyresearch.org/content/journal/ijsem/10.1099/ijs.0.65474-0
Anaerocolumna xylanovorans,MVKTMNYIAKLVGVGQALPERVVTSEEMEAMMGFDQLGIRKGMAKILSGVSERRFASDEINSSDLAVEAAKEAMEMAGKKAEDIDLVIFSALTQDVAEPATANIIMDKLNIRNAKSFDIKNACNAFVCAIEIANMYIKCNDVKNVLIASGEVLSRFVKMDLLKDPAKLKDVNSTFSVGDGGGAIVLERQESEEDFGIITAFRTFPDTWSDGVLWGGGTIYPHDPDKFYFQNESEELMKINFKRAMKFFEEQMEKMKIVREEIDLFIPTQITKYIIIKSSEVLKLPDDRVVSQIGTLGNMSTASIPVALSRAVNSGQLKIGTGQKVVLLGVANGFNVGLVYMSI,WP_084558798.1,Mesophilic,30,I,,https://www.microbiologyresearch.org/content/journal/ijsem/10.1099/ijsem.0.001123
Auraticoccus monumenti,MASTATTSLRNAYRLQDTVILSATAVEAPERVTSAWIDEQLSETYSRLSMTPGKFEELAGVVARRWWPSGVSFIDGAAEAGAKALAEAGVEPGQVGLLINTSVSKDHLEPSAAVQVHDAIGLPATCLNFDISNACLGFINGMQVAGTMIDAGQIDYALIVNSENIRGLQEKAIARLQRPETTVAEVREQFATLTLGCGATAMVLGRGDQSSGGHRLLGGTHKSATHHHDLCVGDLSFMRTDTRGLFEAGLALALETFEDSAEEFGWHEVDHLVSHQTSLVHIAALCARLGLDQAKFPLSLPEFGNMGPAAAPFTLATSQDRFEPGDRVMMLGIGSGLNTSFADILW,WP_090596165.1,Mesophilic,28,I,,https://www.microbiologyresearch.org/content/journal/ijsem/10.1099/ijs.0.024257-0
Bacillus sp. 7586-K,MKRNIKITGIGSYLPKRIVDGAEIDKIIGAKNGWSEKKSGVKQRYFVTDETASYMGAEAAKKAIADAGIELNELDCIVSGSGTMEQAIPCNASLIQEQLGLQHSGIPAFDINSTCLSFLTALDMISYAMESGRFNHVLIVSSEIASVGLNWSQNESSILFGDGAVAYVFSKTTETDSSHIIASRMETYSAGAHLSEIRGGGTKIHPRNYAEDTKEDFLFDMDGTAIFKLSYKLLPTFIEKLFKNTNLTMDDIKMIVPHQASASAMKIIRKKLSVNEERFMTIIENYGNMIAASIPMALYEAIKQGRVKRGDKVFLLGTSAGLSIGGILFEY,WP_095301808.1,NA,NA,NA,,
Bacteriovorax sp. BAL6 X,MKYNNVVIEDYAYIEPPEILTSDKLEELLGPIYTRLKLPHGRLELMTGIKSRGFWPNSTRPSSIATEAGNKLLDKLSKKGIKKGDINLLINSSVCRDFLEPSTASVIHANLEMPSECMLFDISNACLGMVSAWEIVANMIETGAIKRAIILSGENSAPLLDNTIKTLNEDQSITRKSVKKYFANLTIGSAGVAYCLSHKDEAPNAPRITSITNRSDSKANKLCQGDGNPESLVMETDSEELLKYGKALAKKTFDDSGLNPKEIDIVIGHQVGKAHKEVVLGKLGLNKHDTFDTFDTLGNTGSAALPITLAKMNDVKGIEKGKKIALVGIGSGLSCSVLGVTW,WP_021267235.1,NA,NA,NA,,
Bacteroides luti,MAFLSVNNVEIVGLAAAVPKNVETLDNLEFFAPGEAEKVMALTGIKERRIAPREMVCSDYCTIAAEKLMDELKWDKESIDTLVYVSVSRDYIEPNTATVIQGKLGLKSECITFDIPMACSGYCYGLSIVASLLSSGCIKRALLLVGDTPSKIISPLDKTLWPIHGDAGTATALEYNISAKPMYFNLMSDGTQFNAIIAPSSGVREPITIDSLKIIELEPGIARNKTHVAMDGMAVFSFTITSVPKCIKSLCEHFNLDIQDLDYLLLHQANKYIDEKIRKKLKVSEDKVPYCLEYFGNTSSGTIPMTMVTQIREKLSNSQNRMVLCGFGAGLSWASVYIETKDIKVLPLIEY,WP_073399371.1,Thermophilic,40,O,,https://www.microbiologyresearch.org/content/journal/ijsem/10.1099/ijs.0.056630-0
Brachybacterium alimentarium,MANGNGNTGFVHRNASLLSVEMTLPQVTVTSDEIDEMLSPARKRLRLPKGVLQRVAGVYERRWWRDPQNGWKQGVVLAAERAMAKAGIMRDQVGLLINASVSRQHLEPAVSTGIHHSLGMPSSCMNFDITNACLGFVNAMTMAAGMIDAGQIQYALIVGAEDVEQVQRGTIDRLNAKNSTRADFNNQFASLTLGSGAAAAVIGPTDKHPEGHRLKHTQSRAGTEHHELCVADMQDMRTDSAGLLENGIQLILDTWKGANEDGLDFKSIHHVIPHQVSMVYTRNFSKITGVGMERIPVTFPDWGNVAAEAVPMTLASIQDDVKRGERVLLMGVGSGLNTAMMEVEW,WP_096166078.1,Mesophilic,30,O,,https://www.microbiologyresearch.org/docserver/fulltext/ijsem/46/1/ijs-46-1-81.pdf?expires=1594321769&id=id&accname=guest&checksum=578EAFEC27200E37DF2DC72AAE02D450
Cephaloticoccus capnophilus,MKFSQTYIESLAAALPDEILTSAEIERRLAPLYERLHLPEGRLELMTGIRERRLWPAGTRASDASARAGRAALAKSCIRPEQIELYIHAAVCRDMLEPATAAFAHRKIGLSPNCQIFDLSNACLGFLNALTLAASMIEAGQIRAALITCGEDSRPLVEQTLRTLNAEPLTRNGIKPYFANLTVGSGAVGAVVCHESLVVPEGLGSGGAAGESSRAHRLIGGVVRAATAHSELCQGETHGADSLAMQTDSEALLIAGVTLAHETWGQFCEETGWDAATPSRFICHQVGSIHRRKLYDTLGIDLAKDFSTFEFLGNTGSVALPATLALAVEKGVVRSGDKVALLGIGSGLNSLMLAVEW,WP_068712879.1,Mesophilic,30,O,,https://www.microbiologyresearch.org/content/journal/ijsem/10.1099/ijsem.0.001141
Chlamydiales bacterium SCGC AG-110-P3,MEFSNVSVLSAAHIDAPHIVSSQKIESELEPMLTRLGLRPNIISELTGITARRFWDEKTAPSDVATCAAERVLEKAELDRSKIGVIINTSVCKDYIEPSVASLVHGNLKLSSHCINFDIGNACLAFVDAIGIVGNMIERGQVDYALIVDGEGSRFITEETIKRLLDPNCSELEFRSNFASLTLGSGAVAMILCNSKFVDGQHRVISSVTQAATEYNRLCTGQVDKMQTNANTLFKKGLELAHQTMQLAIDKMGWFQKDFAQYIIHQVSENHTSQVAKLFNLDLDKVYKIYRDFGNIGPASIPIAFSKALDEGCIKEGDRVGVMGIGSGINVTMMEILW,WP_088206054.1,NA,NA,NA,,
Clostridium combesii,MRSRIKGVGRYLPNRIVTSEEAEELAGFKKLGVRKGLCKMLTGCEERRYSDTNEYSSHIAAKAAIDAMKKAGVSSDEVDALIFCSVSQDFAEPATANVVMDLLNIKNAFGFDVKNACNAFLTGIDIADSLIKTGKADIVLVVSGEALSKWINFKFESKEELIRRAPVTLSIGDGGGAFIMGREEDDNKGIVKGIFRTYAEYWNNNVVWGGGVRFPRDSDKMYIPGTTKVIIDEQRNLGKNLLPILEREVGWNFQKDVDCYIPTQVAKWINKSMSNELSFPIEKIIQVVDKFGNVGASNIPIATYEAIMDGRLKTGSKTLMSGVGVGINIATIAVIL,WP_099839552.1,Mesophilic,37,O,(49.8842° N 97.1248° W),https://www.microbiologyresearch.org/content/journal/ijsem/10.1099/ijsem.0.002827
Desulfobacter curvatus,MKYDKVFIESFGYELAPHIVTSQEIDEKLAPFFEAVGFVPGQLEALTGIRERRYWDEDHTIAEHAAVAGKRALDEAGISPKELGALCFCGVCQDGFEPATSCAVADMIGVGPRAHVYDVKSACLGMITGMVHVANEIQLGHIKAGLVVSCESARQIVDATIEEINTHKSIDFYREAVATMTGGSGAAAILLTDGTLGKPSTQRHAVKGGVVNNAIRHWNLCSWGFEDKGMPTDSRVIMRTNAQKVLDHGVELVVETYEMFRKEFNLSADQPDKIVGHQVGEGHHNRFYTAMNIDRKKDFSTFPFLGNVGSVSLPISAAIADERGFFVPGDFVVFVGVGSGLNCYFLGVEW,WP_020589018.1,Mesophilic,30,O,,
Desulfobulbus elongatus,MNLRYSRVCLHEFGYQLPPVELSSTTIEERLGPLYERLKLPAGRLELMTGIAARRLWQPGTRPSAGAAAAGAAAIARAGIDVAELECLLFTSVSRDMMEPATAAFVHRALGLPPDCLLFDISNACLGFLDGMVMLANMLEMGQVRAGLVVAGETAENLIDSTLAHLLADTTLTRKTIKPLFASLTIGSGAVALVMSRSDCRDTGHYLRGGACRANTAHNDLCQGGQNAEQGTLMSTDSEQLLEKGIETAAACWRSFQTALGWDKGAIDRFFCHQVGKAHAQMLFETLQLDPARNFETLPTLGNVGSVSAPITMALGIEQGALVPGQRAAILGIGSGINALMLGIDW,WP_051554118.1,Mesophilic,30,O,,
Granulosicoccus antarcticus,MKGCAVSNNFQYQFNDVAIVSIEACDAPVVVTSAAIDEALAPFLERVGAETGLLQKLAGIEERRQWPDDISFIEASALAGEKAIAASGIDPSRIGMISNTSVCRDRLEPSSAVSVHDRLGLSPHCINFDLSNACLGFVNAMHLAGTLIESGQIEYALIVDGEGTREIQQNTINRLLDEHSSMADLFSNFASLTLGSGSAAMILGRHSTNPGSHRLGRGEFRAATEHHDLCVGSLESMRTDTRALLEAGTQLGKICWDQADSDDWGDMDRYIIHQVSRVHTAAMVEILGIDHKRVPLTFPKYGNIGPAAVPFTLAKEAETLNEGDRVLLVGVGSGLNAAFLEITW,WP_088919872.1,Mesophilic,20,O,"Weaver Peninsula, King George Island, Antarctica (62o 14'S, 58o 47'E),",https://www.researchgate.net/profile/Jang-Cheon_Cho/publication/5786452_Granulosicoccaceae_fam_nov_to_include_Granulosicoccus_antarcticus_gen_nov_sp_nov_a_non-phototrophic_obligately_aerobic_chemoheterotroph_in_the_order_Chromatiales_isolated_from_Antarctic_seawater/links/58a593034585150402cfd4c7/Granulosicoccaceae-fam-nov-to-include-Granulosicoccus-antarcticus-gen-nov-sp-nov-a-non-phototrophic-obligately-aerobic-chemoheterotroph-in-the-order-Chromatiales-isolated-from-Antarctic-seawater.pdf
Intrasporangiaceae bacterium URHB0013,MSGNATYRHTQAAVLSICAVDAPVVVTSDEMDQRLLTTYQRVGLKPGMLARLAGIHERRWWPEGVSFTEGAAIAGGKALAEAGVDPSRVGLMVNTSVSREHLEPSMAVQIHHALGMPTSCLNFDLANACLGFVNGMQLAATMIDSGQIDYALIVDGESSRHTQEVTLDRLSSPDATVDDVLSQFATLTLGSGAAAMVLGRADLHPQGHRIVGGVARAGTEHHDLCVGDLEWMRTDTRGLLEAGIALSRAAWQDARAEFDWSDMDRYIAHQISQVHVRAMCDALDIPPERLPLTFPTRGNMGPASVAFTLAMEADSLAAGDRVLMMGVGSGLNVSCLEIAW,WP_026862459.1,NA,NA,NA,,
Isoptericola variabilis,MDGNATTRFSNVSLLAVTRRLPSRVTTSAEIQGLLAPALRRLRVPGRLLERVAGVHARRSWGPDEDCDAATVAAAQEALDRAGVAPDDVGLLVNTSVTRKHLEPSVAVALHHGLGLPSSAVNFDVANACLGFINGMSIAAGMIESGQIRYALVVDGEDADEVRATTVERLLRDGVGREDFMQEFATLTLGSGSATAVLGRADEHPEGHRLLGGVTRAATRFHDLCVGSAKGMFTDARALLDGGLELVVDAWKEAVSEWDWASMDRYVTHQVSRVHTDAIVEAVGLDRSKVPTTFPRLGNVGPASVPITLAEEAETLRRGDRVLLMGVGSGINTAMMELAW,WP_013837355.1,Mesophilic,30,O,,https://link.springer.com/article/10.1007%252Fs12088-014-0453-0
Lysobacter tolerans,MLFKNVAIAGLAHVDAPHSLTSDEINLRLKPTLDRLGIRVDVLKDIAGIHARRLWGSDKLASDAATEAGILALKDAGIQSGQLGLLVSTSVSRDYLEPSTASIVAGNLQVGDTCQNYDVANACLAFINGMDMAARMIERGEIDYALVVDGETADLAYEKTIERMLRPDSTEDEFRNELATLTLGSGAAGMVLARAELHPEAPRYKGGVTRSATEWNTLCRGNLDRMVTDTKQLLVQGMNLAGKTFVAAKQAMGWAVHELDQFVVHQVSKVHTQTLIQKFGIDPKKVMTIFGEHGNIGPASVPIVLSKLKQAGRLKKGDRIALLGIGSGLNCTMSEVVW,WP_076585679.1,Mesophilic,25,O,,https://www.microbiologyresearch.org/content/journal/ijsem/10.1099/ijsem.0.002710
Micromonospora avicenniae,MVHTRTADASPATRVGITAAAAALPERVVTSAELQEQVERESGITLPPRLFSRMTGIDTRRVAGPEEHASTLAVRAARAVLGSAAADPDDVDLLIFASASRDMAEPATAHIVQADLGTRAHVFDLTNACNSFLNGIDTARAFILAGRARRVLVVTGETPTRSMRMRASSAAQVRSAFAGYTFGDAGAAVLVEQVPTGGILDVQTATFSEHWTAGGIDGGGSRHPRGDEHTYFHGDGGKLRSIFERIGLDVLRAVHHRTGLDWSDYEKVLVHQVTLPYLTRFMELARVPEEKLIVTVPELGNVASATIGVQLARINEKLASGSRVFCLGLGGGVSITTMVWEKS,WP_076469753.1,Mesophilic,28,O, isolated from roots of Azadirachta indica,
Mobilicoccus massiliensis,MSENASYRLANCSILSVSTVEAPEVVTSDHLDELLQPAYDTTGMMAGQIERLAGVRERRWFPKDADYTRGAVEAGRQAIADARIDADRIGLIVNASVTRPHLEPGISAMVHAELELPRSCIAFDVTNACLGVVNSLQIAGTMIDAGQIEYALIVASEGARQMQEASIARLVDGGSRQDVKDAFATMTLGSGAVGIVLGRSDRHPEGHQIIGGITRAGTEHHELCIGGMDGMRTDASKLFVEGLSLATDAWAEAKGEWDWEEMDWYVAHQTSTAHIACLCDTLKLPAEKFPVTVDTYGNIGPVALPFTLGMYQHKMRKGDRVLLMGIGSGLNTSMTEVRW,WP_040156198.1,Mesophilic,37,O,,https://www.sciencedirect.com/science/article/pii/S2052297517300707
Mycolicibacterium obuense,MTLPTLYFSRPATVLPDTAMDNDEVLALVRKEFSGPAEEWIGVEQTIRYVFDRCNTKTRYLDQSTTLMPAEFATQAAQACLERTGVSATDLDLVVYGGIARGNFEPATAAEVAGLLGARPLHAVDVTCACAGLIEAMHTVAGYFALHPEMKTALVCAGELTRDRIAYDMGSLQDVAVFAAGLTLGNAAAAMVVSREPLPGGSARLEGIFHKTLCEHYDLCKTPIDGHFTSKSKELFALSVHVPPAIREMLGELGWSSEEIDHYALHQPSEAVLERVFTELGARPQACVHTHSLFGNTASTAWALALEYRLEHGTVEPGDKIVMASAAAGFTIVGAAAVWEG,WP_082133371.1,NA,NA,NA,,
Nonomuraea candida,MSAPRYSQVSAVAVRLPDEDLTTPELEELLAERNPRVDVPRGLIERLSGVRRRHVAPPGVLPSDLAVAAARDVLRQTGHAPPAIDLIIYAGVSADAVEPATGHMVAAKLGADCPVFDVRNACNSVLNAIEVADLFITSGRHRTVLIACGEVITAAMPWRLASEEEFTTAVPSYTVSDSGSALLLQAADAPGVLGHRFCANSADWEVSAMPFVRDGAGALRVGAFTIDSVGLAIGVQKLDREIWRRPLAEHGLDWDDMAAICVHQPSLAALGAVCELAGIPRDKAEVTIADHGNLAASTIPMQLHLATEAGRVRRGDLVALVGVASGISAGTVLLRW,WP_063765283.1,NA,NA,NA," soil sample taken from the banks of the Gamka River in the Swartberg Nature Reserve, Western Cape Province, South Africa.",https://link.springer.com/article/10.1007/s10482-007-9187-x
Paenibacillus polysaccharolyticus,MQLRRVRIAGTGKYLPQMKVTDEELDERLHVPAGWVSKATGVGYRYYASDEETSSYMGARAAEAALADAGLSFGEIDCLVCTSGTKEQPLPSTAVFIQQAMGQEESGVPAFDMDATCLSFLNGLDVISYMVDAGRYQRVLLVATEIASAGLNWKDPESAALFGDGAAAVIIERASEESGSQIVHASLRTYSRGARFSEIAGGGTRHHAAQYDVAHPDPFLFHMDGQAIFRMASKLLPGFMNEMLQASGDRMEDFSLVIPHQGSAMAMRLIRKKLGIPAERFMDITQGHGNTIAASIPMGLHEAIRQQRIERGDRVLMIGTAAGLSLGGLIFDY,WP_090922125.1,Mesophilic,28,O,"isolated from leaves of the Bamboo plants maintained at the Tamil Nadu Agricultural University Campus, Coimbatore, India.   Coimbatore, India (11° N, 77° E).",https://www.microbiologyresearch.org/content/journal/ijsem/10.1099/ijsem.0.001901
Psychromonas aquimarina,MKYSRVFINSLAYELAPHAVSSSELESRLAPLYQKLRIPMGQLAALTGIQERRWWPSDHRLSDGAIEAAKKTIDETGVNINDVGAVVYTGVCRDQHEPATACRIAAELGVNNSTAIYDISNACLGVLSGMLDIANRIELGQIKAGLVVSCESARHIVDITIDNMLENQTIQNFSQSLATLTGGSGAVAVLLTDGSLPLKNSRQHKLLGASHLSAPEHNDLCKWGLQEVGLKLHREFMRTNAVPLLKEGVALALDTWKHFLSQRNWVNEQVDKVICHQVGSANQKQVLAALNIPAHKEFPTFQKLGNMGTVSLPVTAAMAHDQGFLKKGDNVSFLGIGSGLNCMMLGLEW,WP_028865527.1,Mesophilic,25,O,,https://www.microbiologyresearch.org/content/journal/ijsem/10.1099/ijs.0.65744-0
Saccharothrix espanaensis,MGTQLAGVAVHLPEQQVSTTEVERRLAPFTPPAGLIHRLTGVESRHVMGEHEQASDLAVAAARKLLAETGTAAADVDLLLFASASQDMVEPATAHIVAAKLELRCPVMDVKNACNSVLNGIEVADALIASGRYRTVLVASGEAPSRAVRWQVGGLAEFLRAFPGYTLSDAGAALLLTRGEEGVLGCGFTADSSRWDVGTLPGGGSRYPRDPERTYFDMDGARLKDAFLGLGRGVLDSTLDRLGLTWDDFAVIGVHQVSLPYLDMFARQVGVPTDRLVITLPQHGNVASASLPLQLVTARQLGRCGPGDLVALVGLAGGVSLGLVVIRL,WP_015101236.1,Mesophilic,30,O,"soil sample, Puerto Llano, Spain",https://www.microbiologyresearch.org/docserver/fulltext/ijsem/39/4/ijs-39-4-420.pdf?expires=1594327654&id=id&accname=guest&checksum=C5EE8638C5570BCD56FEDE1CC0884E43
Virgibacillus salinus,MNVGLLGTGHYVPTNVVTNKDMEKIVDTNDEWIRTRTGIEERRIASDDINTSDMAFFAAQEALKESNVKAEDIDLILVATVTPDTPFPSVSCMIQDRLGARKAAAMDISAACSGFMYGVVTAKQFIETNAYKNILVVGAEKLSKITDWSDRNTCVLFGDGAGAAVVGPVSEGKGILSFELGADGSGGKELYQNDEDHLMMNGREVFKFAVRQMPDSSVNVVEQAGYNKEDVDYLVPHQANIRIMEAAREKLGISEEKMATSIKRYGNNSSASIPIALSEGVKSGKIKDDDLVVLVGFGGGLTWGAIALRWGK,WP_092493676.1,Mesophilic,37,O,"saline lake located near Xilinhot, Inner Mongolia Autonomous Region, China.",https://www.microbiologyresearch.org/content/journal/ijsem/10.1099/ijs.0.009530-0
Agreia bicolorata,MDGNATTTHRNVALLSVATTMATRITTSAEIDRRLAPSLKRLKLPTGLLQRVAGVHERRNWGEGQTFDDAAIEAGKKALAEAGIRPDQVGLLINTSVTRKHLEPSVAVRIHHGLGLPSSATNFDIANACLGFVNGMALAGQLIDAGQIDYAVIIDGEDADEIQVNTIERLGREGIKRKDFMSEFASLTLGSGAAAAVIGRADLHPEGHRMLGGITRAATQFNDLCVGSVDGMFTDAKALLKGGMELVVSAWKDAKRQWSWSHMDRYIMHQVSSVHTNAIVKAANLDATRVPVTFPLLGNVGPASIPITLAQEASKLVRGNRVLLMGVGSGLNTSMMEIAW,WP_044441590.1,Mesophilic,25,O,Moscow Region,https://www.microbiologyresearch.org/docserver/fulltext/ijsem/51/6/0512073a.pdf?expires=1594327799&id=id&accname=guest&checksum=33C3D684A828B776AB0413E45E159597
Arthrobacter globiformis,MQDGNEQGLDLAGNATFRHSNTALLSVSSVEAPRIVSSTDFDRRLASTLQRLKFPPRLLERVAGITHRRWWAAGTSFDDAAVEAGAKALAEAGVEASDIGLLINTSVTRRNLEPSVAVKIHHGLSLPSSAMNFDLANACLGFVNGMTLAANMIDSGQIKYAMIVNGEDAQATQEATLARLQRPETTREDFNREFATLTLGSGAAAAVLGPADQHPGAHRILGGVMRAGTEHHELCVGGIDGMATDTKGLLDGGLRLVVDAWNEAQPEWDWASMDRYITHQVSTAYTQAIIGAIDLDPDRVPITFPHWGNVGPASLPMTLAAEAQTLGTGDRVLCMGVGSGLNTAMVEIVW,WP_003805730.1,Mesophilic,25,O,,https://jb.asm.org/content/jb/178/11/2999.full.pdf
Brevibacterium mcbrellneri,MLRCAHWHAPALLTANLLDARIERTLLNGRTPGNTTFRHNNAALLGIAETTAPNPVSSGSFDEKLASTLKRLHLPQGLIRRVAGVDYRRNWDNPHDFIAGAVNAGKQALERAQVDADQIGVMINTSVTRETLEPSVAVSIHHGIGLPTSAMNFDIANACLGFVNGMTVVSTMIDSGQIDYGLVVAGEDATRVQQATLNRLSQDDITRAEYLNEFASLTLGCGAAAAVLGPADRHPEGHRILGGVTRAGTWNHELCVGDHNGMFTDATGLLTNGMELVINAWNEAHEDGWDWNDMTMYVTHQVSKIHTNEMAKTASLDLDRMPVTFPELGNVGPASLPITLARNADSLKSGDRILAMGVGSGLNTAMTEIVW,WP_005885358.1,NA,NA,NA,,https://www.microbiologyresearch.org/docserver/fulltext/jmm/39/4/medmicro-39-4-255.pdf?expires=1594415618&id=id&accname=guest&checksum=D78D7E5DA9E0F1204B065F4889E70E6D
Cellulomonas cellasea,MSGNATSRHRNAALLALASTTPDRVTTSADIDRRLAPALKRLRLPRGLLQRVAGVHERRNWADGQTFDGAAIAAAEKALAESGIDRREVGLLVNTSVTRKHLEPSVAVRIHHGLGLPSSAVNFDIANACLGFVNGMNLAAQLIDAGQIKYAVVVAGEDADDIQNNTIERLIGDDITRADFMQEFASLTLGSGAAAAVVGPADAHPEGHRILGGVTRAATQFHDVCVGSVEGMYTDTRALLEGGMELVLAAWTEARHEWDWAAMDRYILHQVSDVHTKAIVKAAGLDRSRIPTTYGRYGNVGPASIPITLAHEASSLEPGDRLLLMGVGSGLNTAMMEIAW,WP_034630949.1,Mesophilic,30,O,,
Clavibacter michiganensis,MLLNGNATFRHRNTSLLGLASVLAPHTVTSVEIDDRLKPVLSRLRLPTGLLQRVAGVLERRNWDTSMSFDAAATEAGRTALAQAGVQPSQIGLLINTSVTRAHLEPSVAVSIHNGLGLPSSALNFDIANACLGFVNAMTLAGHLIDSGQIDYAMIVDGEDAGEIRHNTVARLLRPETTRADFLSEFPSLTLGAGAAAAVLGRTSDHPEGHRILGGVTRAATQHHELCIGDVDGMFTDTKELLRGGMELVVDAWKEAAQDDWEWSDMDRYILHQVSDVHTNAIVKAAKLDKSRVPLTYPRYGNVGPASIPITLADQADSLSRGDRVLCMGVGSGLNTAMTEILW,WP_015490789.1,NA,NA,NA,,
Dermatophilus congolensis,MSGNASYHLSNCSILAVTTVEAPEIVTSAELDTALAPAYTETRTVAGQLERLAGVKQRRWFPADEDFTDGAVEAGRRALHTAGISPEQVGLVINASVTRPHLEPGISAKVHAELGLPRNCMDFDVTNACLGVVNGMQIAGTMIDAGQIRYGLIVASESSRQMQEATIKRLNAGGATKSDVKQAFATMTLGSGAVAILIGPTDAHPEGHRLLGGITRAGTEHHRLCVGSMDGMRTEASKLFREGIDLALDAYTESAEDGWDWKDMDWYVAHQTSTAHIATLAQRLGKPLEKFPTTISEYGNIGPAAMPYTLGTFQDQFATGDRLLLMGIGSGLNASFVEVQW,WP_028327376.1,NA,NA,NA,,
Geodermatophilus obscurus,MSGNATHRFGNTAVLALQTTDATRVVTSDALDDALADTYRRVGLRPGLLERLAGIRERRWWGEGVTFVDGAAEAGAKAISESGVDPAGIGVMINTSVSRRWLEPSTAVAVHHALGLPRSCQNFDVTNACLGFVNGMELAAAMIDAGLVEHALVVNGEDAQPVQERTLDRLNQPGTGSKDVIAQFATLTLGSGAAAMVLGRADRHPEGHRLVASVSRAGTEHHELCVGDNDLMRTDLKGLLDAGLALSEDMWADAAAEVDWAGGMSRYIVHQVSKVHTQAMCDRFSIDPALVPTTFPTRGNLGPASVPYTLAGEQDSLVDGDRVLLMGIGSGLNVSCLELAW,WP_012948569.1,NA,NA,NA,,
Kineosphaera limosa,MSENATYRLANTTILSVSALEAPQVVSSAELDESLAPAYARHGVKAGQIERLAGVVQRRWYPPEADYTDGAVDVGRAAMADAGVEAGEIGLVINASVTRPYLEPGISARVHHELGLPRRAIAFDLTNACLGVANAMHVAGTMIDAGQIDNALIVASEGSRQMQESSIKYLLSDDSTREDVKEAFATMTLGSGAVGLVLGRSDARPDGHRVIGGVTRAGSEHHTLCVGGMDGMRTDSSRLFREGLTLATEAWKDARGDFDWDDMDWYVAHQTSTIHIEALCKTLGLPQERFPMTLPTYGNIGPVAMPYTLAFHQDNIERGQRVLLMGIGSGLNTSMTEVAW,WP_006592558.1,Mesophilic,30,O,,https://www.microbiologyresearch.org/docserver/fulltext/ijsem/52/5/0521845a.pdf?expires=1594671803&id=id&accname=guest&checksum=2D62E203F559AA6005BEF0D93E4C2B9B
Kytococcus sedentarius,MPGNATFRHSNTSVLSVTALPAPEVHTSAEFDARIMDTLRRNKLVPGVLSRLVGIKERRWWPEDVHFTEAAAEAGRRALVDAGIKPEQVGLMVNTSVSRDHLEPSTAVRIHDTLGLPRSASNFDVTNACLGFVNGMQIAAAMIDSGQIEYALIVNAETTRHTHETTLKRLESEDATADDVLQQLATLTLGSGAAAMVLGRTDKHPEGHRFVGGVSRAGTEHHELCVGDFDRMTTDSVGLQEAGIALSEELWAEAAEEFDWQHLDRYVIHQVSTVHTEQICDRLGLDGAKVPRTFPTYGNMGPAAVPFTLALEAPHLERGDRVLLMGIGSGLNACCAEIEW,WP_012802190.1,,,,,
Legionella brunensis,MRYQRVFINKIAYELPKEKVATSFLEEQLTDVYQELGIPLGQVEALTKIHQRRYWPVDHQLSDHAALAAKKAIKESGINSKKIQVLIYAGVGRAQLEPATACAVAHQLAIASDASVYDVSNACLGVLNGIIQIANAIELGQIHAGLVVSAESCREIIDTMVAEMKIQRNIEHFALSLATLTGGSGAVAVLLSDNALDSSHQLLGAVARQKSQWHQLCRWGSKTGILGNACNIMHTDSVSVLKYGVELGVETYKDFLQELLWQDSFPDKYICHQVGEANQLAIRRALNIPKERDFTTYETLANTGTVALPMTAAIADQVGFLKTGDKVAFLGIGSGLNCMMLGIKW,WP_058441655.1,,,,,
Microlunatus phosphovorus,MSGNATYRLSNTTILAACAVEAPIVATSAAFDERLAETYRRVGTRPGLLVRLAGVQERRWWPEDVTFADAAAMAGAKALAEAGIRPEQVGVVINTSVCRSHLEPSVAVAVHHQLGLPTNCLNFDVANACLGFVNAIQLAGTLIDSGQLDYALIVDAEGSRQIHELTLDRLSSPTATAAEFKEQFASLTIGSGSAAFVLGRADRHPEGHRVIGGASRTGSEHHDLCVGSLDMMRTDSKKLFDHGIALAVATWEDAKDEFDWDGAVDWFIAHQTSTVHLRAMAKAVGVSSAHFPTTVEKYGNMGPAAVPFTLAHHADRMRAGDRIVLIGIGSGLNTSFAEIVW,WP_013865923.1,,,,,
Micromonospora peucetia,MTHGNAEYRYTNTAILSVAALEAPVIVTSDQFDEQLSETFRRLRLRRGMLQRIAGIQERRWWPEGFGFADAAAMAGAKALSEAGVDARDVGLLINTSVSRAHLEPSTAVAIHHSLELPPSALNFDIANACLGFVNGIQVAANMIDAGQIRYALIVAGESSREAQQATIERLRSFDSTLDDVREQFATLTLGSGAAAMVLATADAHKQGHRLVGGVGRAATQHHDLCVGDNTRMRTDAKGLLDAGLDLAEATWAHAGSWDWQNMDLYVMHQVSVAHTHGVVNRLGLDTRKVPETFPLLGNVGPASLPLTLAHHAESLNSGDRVLCMGVGSGLNTCALEVVW,WP_091632192.1,,,,,
Nakamurella multipartita,MTGNSDFRFHDVAILSLDAGPAPLVVTSADVDRRLAPFYARTRSMSGLVTSLAGDFERRQWPAEVSFIQAAARAGEAAIAAAGIDRARIGVVIDTSVSRARLEPSSAVSVHHLLDLPPNCLNFDVSNACLGFVTGLHLAGALIDSGQIDYALIVDGEGTREIYDRTIDRLNERGEGLPDLLANFATFTLGSGAAAMVLGRHSAHPEGHQLLDGFFRAETRHHELCIGTIDGGVTDSRALLEAGIELAGAAWAQAGATAAWGSRDRYIFHQVSEVHTKAMIRTLGVDPAKVPTTFARYGNIGPAAIPITLATVADELSPGDIVLCMGIGSGLNVGVIELRW,WP_015749354.1,,,,,
Okibacterium fritillariae,MDGNATTTHSNVALLSVATTIAPRITTSEDIDSRLQPVLKKLKLPQGLLQRVAGVLERRNWDEGQNFDDAAVEAGKKALAEAGIEPSQIGLIINTSVTRKHLEPSVAVRIHNGLGLPSSAINFDIANACLGFVNGMSLAAQLIESGQIKYAMIVDGEDADEIQVNTIERLSKGGIGRKEFMSEFASLTLGSGAAAAVIGPADLHPEGHRILGGVTRAATQFNELCVGSVDGMFTDAKALLKGGMELVVSAWKEAKRDWNWSSMDRYILHQVSEVHTNAIVKAAHIDRSKVPVTYPHYGNVGPASIPITLEAEKETLKKGDRVLLMGVGSGLNTAMMEIAW,WP_079726385.1,,,,,
Rothia mucilaginosa,MLNASADKVGTNSDIRHANAALLSITHELPPDVVTSDYFDEQLAQTYKRLRMPKGLLERLAGISTRRGWAEGQTFEDGVVAAAEKAIAEAGIDRSQIGLLINASVTRDNFEPAVSVGVHDRLELPRHALNFDITNACLGFVNAMTVASTMIDAGAIDYALIVAGEDPSPWHRTAVRILNNPDSTREDVLAQFATLTLGSGAAAAVIGRADRHPEGHRIVGSVSRAGTEHRNLCIGGEADQGMNTDAEGLLKHGLELVAQAWEQAHQDGWEWNDMTSYVTHQISNAHTNAIIEAVGIERERIPLTFPKWGNVAAAALPMTLAECAPTYTEGDRILCMGVGSGLNTALLEIQW,WP_005508112.1,,,,,
Sanguibacter keddieii,MNGNATSKHQNVALLSVATVVPDVVTTSDEMDNRLADTLKRLRMPRGLLQRVAGVHERRRWAADQSFESAAIAAGEKALAEAGISASDIGLIINTSVTRPHLEPSVAVRMHHGLGLPSSAMNFDIANACLGFINGMNVAAHMIDSGQIRYAMIIDGEDADEVNDNTIDRLNRPETKRSDFMNEFASLTLGSGAAAAILGPADSHPSGHRILGGVTRAATQFHDVCVGSVNGMYTDTKALLKGGMELVVAAWQEAKESWSWTAMDRYVMHQVSDVHTSAIVKAAKLDRSKVPTTYPRYGNVGPASIPITLAEQSSTLAPGDRVLLMGVGSGLNTSMMEITW,WP_012868615.1,,,,,
Shewanella putrefaciens,MKYSRVFINSLAYELALVVVSSSELESRLAPLYQKFRIPMGQLAALTGITERRWWPKGHQLSDGAINAARKAIAETGINVADLGVVVYTGVCRDQHEPATACRIAAELGVSKDTAIYDISNACLGVLSGILDIANRIELGQIKAGMVVSCESARDIVDVTIDNMLASPTMQNFAQSLATLAGGSGAVAVILTDGSLPLTNVRKHQLLGASHLSAPEHHQLCQWGLQEVGHNLYREFMRTDAVTLLKEGVELAKHTWEHFLEQRNWLVEQVDKVICHQVGASNRKQVLSALNIPPEKEFPTYQLLGNMGTVSLPVTAAMAHDEGFLQAGDQVSFLGIGSGLNCMMLGIKW,WP_061782733.1,,,,,
Streptococcus pneumoniae,MSAPSPTPRRLVLVTNVSGNASYEYSRAALLAVTEVEAPVEVTSQDLDDQLAEVLTRLRLPGSLLERVAGVRSRRNWDETEDFQEAAARAGVAALEQAGVPRERVGLLVNTSVTRATLEPSVAVRIHHLMGLPTSATNFDITNACLGFVNGLMLASTLVDAGQIDYAVVVAAEDASKVQAATVANLHAETTHRGNFMEQFASLTLGSGAAAAVVGRIEDHPDAHRIVRGITRAGTDHHGLCVGDHHGMYTDSTALLKDGLELVMDAWHDVPAEWAWPEADRFITHQVSQMHTDAIAESAHLDPARIPTTFPTLGNVGPASLPITLVREMDALEDGDTVVCLGVGSGLNTAMLEIEW,CVN04163.1,,,,,
Streptomyces ambofaciens,MSEAIRARIAAVCAHLPSRYRTLDETRAKITETGGYAPPPGLLEDLTGVRGVHVHEDGENSSDLAVAAARSALEQAGLKIRDVDLLLFASTSQDLIEPATAHLVATKLGASCPVFDVKNACNSFLNGMEVAASFIETGRYRTVLIACGEPATLATRWHLPTREDLLRALPGYTASDAGAAMVLTAGPAGDGDPGILSLRFVSNSPAWEACTVAGGGSMHHLSVHDDHTTLRLNGDLWQSALDVLPRIMDTAGEEFRAAQAGAVSFIAFHQIAMPQYREVIDLFSLPEDRCMPAVAEHGNCAAASLPLQLAKAREADRIEGGDLVAMIGLASGFSFGLALVRW,WP_053141838.1,,,,,
Streptomyces avermitilis,MRFENDLYIASTASWLPDLVPMEEAIAAGLVDDEHRNLGYESIAVADGVAGPEMAVRAGRLALERAVGIERDEVGLVLHSSCGFQGHEMWPAAAYVANETVGRAAPGFDLQQRCNAGLGSLCLAAGYIDAGFTSAVLLTTGDNFAPPWVDRWNVQLNLVFADGGTALVLSGRKGFARVVSATLGADNSLERWNRGTTPFATAPGLEMPLRLRERGLQHAATPEAEGSWERIEAALMDTTRRALAEAQVSVEDISRVVTPLIHRGVWPENYDVLGFTEKQSTWDLGRLVGHIGAGDQFLGLEHLVKERAVGPGDLVLLVAAGAGFSLSAAVVEILDVPPW,WP_010983715.1,,,,,
Kocuria varians,MTGNSTITNRNVAILSVTKTEADVVIPSTRFDEELAETFRRLRMPKGLLERLAGIKERRGWAPGRHFTDGATEAGEAALAESGVRPEQIGLFVNASVTRDNYEPAVAVGIHERLGLPSSALNFDMTNACLGFVNALTVAASMIDAGAIEYALVVAGEDPSPWHKAAVERLRADDITREQVVQEFATLTLGCGAAAAVVGPADRHPDGHRIVGSVTRAGTEFNHLCIGGDDGMFTDATGLLNHGVGLVVEAWHEAEQDGWDWREMDSYVTHQVSNSHTNKLIEDMGLDATKVPLTFPYWGNVAAAALPMTLALEAERLEPGARVLCLGVGSGLNTTLMEIAW,WP_068469535.1,,,,,
Citricoccus muralis,MVQGNATFRHSNASLLSVTEVLAPVTVTSAQLDEELADVLKGLRLPKGLLPRVAGVNARRNWEHPGHFQLGAAEAGRQALEKAGVRPDQIGLMVNTSVTRETLEPSVAVRIHHEMGLPTSATNFDITNACLGFVNGITLAASMIDSGQVDYAVVVAGEDSVKVQQATLENLKQDGVDRTNFMEQFASLTLGSGAAAAIIGRTDQHPEGHRIVRGITRAGTDHHDLCVGDHKGMFTDSTALLKDGLELVMDAWNDVPADWGWATMDRYVTHQVSRLHTDSITEATGLDPSLFPVTFPELGNVGPASLPITLAREVDQLSAGDKVLCMGVGSGLNTAMLEIAW,WP_115933252.1,,,,,
Pelobacter propionicus DSM 2379,MKYRAVTLESFGYQLAPVVVSTSDLEARLEPLYRQLRIAPGQLQAMTGIRERRWWEPGYPLSQGAIAAARKALAASAVPVDQIGALIYAGVCREQFEPATACRVAHGLGIGGQAAVFDISNACLGVLNGMLDLANRIELGQIRAGMVVSCESAREINEIMIERMLKERRMEHFASSLATLTGGSGAVAVLLTDGSFSGAQRRKLLGGVCLSAPEHHQFCLWGMAPDGRGGYQQVMSTDGVNVMNHGVELGKRTWNAFLPHLGWSAEQVDQVICHQVGSAHQNAILKTLGISADQDFTTYEYLGNMGTVSLPLTAALAAERDILLTGDRVALLGIGSGLNCLMLGVEW,ABL00697.1,,,,,
Pseudoxanthomonas,MLFQNVSIAGLAHVDAPHVLTSKEINARLQPTFDRLGIRTDVLNDVAGVHARRLWDDEVQSSDAATLAAKKALADAGIGAERLGLLVNTSVSRDFLEPSTASIVSGNLGVGDHCMAFDVANACLAFINGMDIAARMIERGEIEYALVVDGETANLVYEKTLERMTSPTVTEAEFRDELAALTLGCGSVAMVMARRELVPDAPVYKGGVTRSATEWNKLCRGNLDRMVTDTKMLLIEGMKLAQKTFVAARQVLGWAVDEIDQFIIHQVSQPHTQAFIKTFGIDPKKVMTIFGEHGNIGPASVPIVLSKLKELGRLKKGDRIALLGIGSGLNCTMAEVVW,WP_130552392.1,,,,,
Chromatocurvus halotolerans,MHFKNVVIQAPVAVNAPVSLSSQEIAQRLKPTMDRLGIRENLLAEISGIESRGLWDEHTSPSDAATLAAEEAIARSGIDRSRIGLVINTSVSRDFLEPSTACMVHGNLGLAPDCLNFDVANACLGFLNGMDIAARMLERAEVDYALIVDGESSRPLIEATIARLLSPEVEEAQFRAEFASLTLGSGSAAMIMARRELAPDGHSYRGSVTRAATRFNKLCQGNMDRMQTDTRGLLGAGLELAAETFAEARKSFGWAPDELDQFVIHQVSKVHTESLVQLLGLDPVKVHTIYPHMGNVGPASVPIVLSRVAEAGKLDTGSRVALLGIGSGLNCSMAEVVW,WP_117315975.1,,,,,
Leifsonia sp. Leaf325,MSLDGNATTTHRNVALLSVASTMAERVTTSEEIDSRLAPVLKRLKLPTGLLQRVAGVRERRNWEEGATFDDAAISAGKRAMAEAGIRPDQVGLLINTSVTRPHLEPSVAVRIHHGLGLPTSAINFDITNACLGFVNGMTLASGLIDSGQIDYAIIVDGEDADQIQINTIERLGREGINRKQFMSEFASLTLGSGAAAAVLGRADQHPEAHRILGGITRAATQFNELCVGSVDGMFTDAKALLRGGMELVTSAWKDALKTWDWKSMDRYIMHQVSDVHTDAIVKAVGLDRSRVPLTYPTLGNVGPASIPITLAEQASTLKRGDRVLLMGVGSGLNTSMMELAW,WP_056164922.1,,,,,
Plantibacter sp. VKM Ac-1784,MVTGNATTRFDNVAMLSVASTLPSAVVTSVEIEEGLAAAMKRARLPKGILRRVAGVVERRHWGPDENSDDATVSAGRRALAEAGISPSQIGLMINTSVTRQHLEPSVAVRIHDGLGLPSSAINFDIANACLGFVTGMTMAAAMIESGQIEYALIVNGEDASEVHANTIERLSGSTIDRDDFMSEFASLTLGSGAAAAVIGPADRHPEGHRILGGVTRAATEFNHLCVGSVDGMFTDARALLKGGLDLVVSAWKEAAGDSWRWSKMDRYITHQVSSIHTDSMVKAASLDRSRVPVTYPYLGNVGPASIPITLADQQSTLNKGDRVLLMGVGSGLNTGLMELAW,WP_086472704.1,,,,,
Humibacillus sp. DSM 29435,MSGNATYRHTNAAVLSVCAVDAPVVVTSDDFDRQLLSTYERVGLKPGMLAKLAGIHERRWWPEGVSFTEGAATAGAKALAEAGVDPSRVGLMVNTSVSREHLEPSVAVEIHHNMGMPTSCINFDLANACLGFVNGMQLAASMIDSGQIDYAVIVNGESSRHTQEVTIERLAGPDATAEDVMSQFATLTLGSGAAAMVLGRADLHPEGHRIVGGVTRAGTEHHNLCVGDLEWMRTDTRGLLDAGIALASDTWNDAKAEFEWSNMDRYVAHQISQVHTKAMCKALDIPADRLPLTFPTRGNMGPAAIAFTLATQVDSLSPGDRVVLLGVGSGLNVSCLEIAW,WP_070193933.1,,,,,
Enhygromyxa salina,MRFDHVSICSVAHVDAPDRVTSAELERRLAGTMKRLHVPTGLLESLTGITARRMWPEGTQPSDAATLAASRALAAADLDPQRVGALINTSVCRDYVEPSTACLVHAKLGLAPTCINFDVGNACLGFLNGMEIIGNMIERGQLDYGLVVDGESSRYVVDQTIARLSSDTADQAAFWANFATLTLGSAGVAMVLTRSDLAPNGHRFLGGVTVAATEHSDLCRGQVDRMETNSGDLLNTGLELAQRTWAAAQRELGWSPGSLDEYVIHQVSKVHTDKFRAAFEIDPQRLLATYPEYGNVGPAGVPLVLSKAAELGRLRAGDRVALMGIGSGLNCAMAEVVW,WP_106091803.1,,,,,
Nesterenkonia alba,MQKRSEGNTTFHHRNAALLSVAEVEAPLVLTSKDLDKRLADALKRLKLPSGLLQRVAGVKARRNWRSDDEVRAGTVEAGRRALEAAGVSTEDISVMINTSVTREHLEPSVAVGVHHELGLPSSAMNFDITNACLGFVNAMTLAATMIDAGQARYVLIVNGEDARKVQDATVERINALEEVSRQDFMTEFASLTLGCGAAAAVIGPADEHPEGHRIVGGVTRAATQHHELCVGDHRGMFTDARGLLDGGLELVMNAWEDAKKHFSWQSMDAYVTHQVSQLHTSSIIKAAKLDKKKVPVTYPELGNVGPASLPITLAREAKNLVTGSRVLCMGVGSGLNTAMVEIEW,WP_033420292.1,,,,,
Halobacteriovorax marinus,MKYTKVAIHSFDYLEPDEFLTSDDIETKLAPVYKRLNLPAGRLELMTGIKSRGLWANGMRPSELSTRAAERVLEKSGIDRNEIGLLIHASVCRDFLEPSTASVVHHNLELNEDAMIYDLSNACLGVVNAMAMASNMIELGQIKYALIVSGENGGPLLTQTIEHLNNDETLTRKSIKKYIANLTIGSAAVAYLLCDSSLAPDAPRILGGAVSTDSSANILCQGDGDTTSLMMETDSEELLKHGLELAKKNWNKTKQELSLENKDIDWVVGHQVGTAHETLTMKAMELQDHKTFTTYETLGNTGSAALPITLAKLSEKQKIKKGEKVALLGIGSGLTSIMLGVQW,WP_096909276.1,,,,,
Kocuria flava,MTGNSTMRHRNAALLAITKVEADEVVPSSQADEVLAGTFERLRMPKGLLERLAGVKERREWAPGRHFTDGAVEAGQAALEQAGVRPEQVGLLINASVTRDGYEPAVSVSVHHRLGLPSSALNFDVTNACLGFVNGLTIAATMIDAGAIDYAVVVAGEDPRPWHRETYERLQAPGVTRADVVREFATLTLGCGAAAAVVGPADRHPEGHRVAGSVTRSATEHHGLCIGGFDGMFTDATGLLKHGVGLLEQAWNDAHADGWDWQEMDRYIGHQVSMSHTNKLFADVGIDPDRFPVTFPFWGNVAAAALPMTLALEAESLGAGDRVLLLGVGSGLNATYMEIDW,WP_058859095.1,,,,,
Dermabacter hominis,MIPNTAFDHKNAAILSVSAVEAQVPVTSDSIDEMLSPARKRLRLPKGTLQRVAGVYERRWWKDPENGWKQGAVIAAERAMASAGITREDVGVLINASVSRQHLEPAMSAHIHAALGMPASCMNFDITNACLGFVNAMTLAAGLIDAGQIDYALIVGAEDVEEVQRRTIARLNDKNSTRQDFNNQFASLTLGSGAAAAVVGRFDKHPDGHRIVHTQTRAGTEHHELCIGNMDDMRTDTAGLLENGLELVTQTWRAAEESGRNYSNKQWYITHQVSMVYTRAFAKAMGINPEIIPVTFPELGNIAAEAVPLTLALNQDRFAKGDELLLLGVGSGLNTAMMEVQW,WP_101686474.1,,,,,
Brachybacterium paraconglomeratum,MGNGNTGIVHSNTSLLAVEGTLPQVTVTSDEIDEMLAPARKRLRLPKGVLQRVAGVYERKWWRDRENGWKQGVVLAAERAMAKAGIMRDQVGLLINASVSRKHLEPAVSTGIHHSLGLPPACMNFDITNACLGFVNAMTMAAGMIDSGQIKYALIVGAEDVEQVQRGTIERLNAKGSTRADFNNQFASLTLGSGAAAAVLGPADVHPEGHRLKVTQARSGTEHHELCVANMDDMRTDSNGLLENGINLIVDTWKAANESGLDFRSIDYVIPHQVSMVYTRNFSKITGVGMERIPVTFPDWGNIAAEAVPMTLAHIQDDIERGQRVLLMGVGSGLNTAMMEVQW,WP_126985334.1,,,,,
Chloroflexi bacterium RBG 13 51 36,MQYRKVCVESFGYELPENIVTSVSLEEKLAPIYGKFNLSYGRLEMMTGIRERRFWDDGATPSQASIRAAEKAIAKSGVKKEDIGCLLHTSVSRDFLEPATATVVHDSLGLPPTATIFDISNACLGFINGMVTLANMIELGQIKAGIVVGCESSRPMVNATIDRLLRDPDITRDKLKLAFPTFTLGSGAVAAVLTHSSLSQDGHKLLGGVTRAASQHNGLCRIEADVSFLDLAELPNMHTDYDGVLKNGLRLAPDTWKDTKQEIGWNDSDISRFFTHQVSAVHSKLLFQALGLDATKDFSTVEYLGNIGSVSLPITMAIGIERGYLKPGDKAAMLGIGSGLVCLMLGLQW,OGN97459.1,,,,,
Subtercola sp. Z020,MTNSNATFRHQNSALLAVKARLAPLVVTSEEIDVRLADALTRLRLPTGLLQRVAGVISRRNWDDTTTFDEAAAGAASEALKEANVDPQDVGLLINTSVTRKHLEPSVAVGIHHALGLPSSAMNFDITNACLGFVNGMTLASQMIDSGQIKYAVIVDGEDSNEIQANTIARLSQPGISRKDFVNEFASLTLGSGAAAAVLGPADAHPEGHRIMGGISRAGTEHHLLCVGDKDGMFTHTKELLAGGMALVVEAWKEAKGSWDWQKMDRYILHQVSDVHTDSIVKAAKLDRKRIPLTYPSLGNVGPASLPMTLALEASKLVKGNRVLCMGVGSGINTAMTEIVW,WP_104244666.1,,,,,
Arenimonas oryziterrae,MLFTHVAIAGLAHIDAPHALSSADINARLQPTMDRLGIKTDVLQDIAGIFSRRMWDDETQSSDAATMAAEKALLDANVPRDKIGLLVNTSVSRDFLEPSTASIVSGNLGLGENCQNFDVANACLAFLNGMDIASRMIERGDIEYALVVDGETANLVYEKTLTRLSDPNVTEEQFRNELASLTLGCGAAAMVLARAELVPDAPRYKGGVTKAATQWNTLCRGNLDRMVTDTRMLLIEGLKLAQKTFVAARLALGWAVEEMDQFVIHQVSRVHTEAFIKAFGIDPAKVLTIFNEHGNIGPASVPIVLSKLKEMGRLKKGNRIALLGIGSGLNCSMAEVVW,WP_022969495.1,,,,,
Thermomonas haemolytica,MLFHHVAIAGLAHIDAPRRLTSEEINARLKPTLDRLGIRVDVLGDVAGVHARRLWDGDVQASDAATLAGVKALADAGIDPDKVGLLVNTSVSRDFLEPSTASIVSGNLGLPDTCQNFDVANACLAFINGMDIAARMIERGEIEYALVVDGETANLAYEKTLERMTRADVTEEDFKNELATLTLGSGAAAMVLARAELAPGAPRYKGGVTRAATEWNKLCRGNIDGMITDTRMLLVEGIKLATKTFEVAKQKLGWVASELDEFVIHQVSKVHTAAFTKAMGIDPKKVMTIFAEHGNIGPASVPIVLSKLREMGRLKKGSRVALLGIGSGLNCSMAEVEW,WP_114959563.1,,,,,
Silanimonas lenta,MLFQHVSIAGLAHLDAPHTLSSEEINRRLKPTLDRLGIKTDVLREVAGINARRLWDDGKPTADAATEVARKAIAEAGIEPGKIGILINTSVSRDFLEPSVASIVSGQLGLPDTCQNFDVANACLAFINGMDIAGRMIERGEVDYALIVNAENANVVYEKTIERLNREGITHEEFRNEFASLTLGCGAAAMVLARRELVPDAPQYKGGVTRAATQWSHLCRGNLDRMVTDTKLLLIEGIKLAQLTFAAAKQALGWAVEEMDEFVIHQISRAHTEAFLKTFGIDPKKVLTIFHEHGNIGPASVPIVLSKLKEMGRLKKGKRIALLGIGSGLNCSMAEVVW,WP_028771085.1,,,,,
Wenzhouxiangella sediminis,MLFDNVVIKSVASVDAPHTVTSEEIRERLAPTFKKLRLRGNPLIDLAGIEERRFWDEGVLPSQAATMAAEKALARADIDPDRVGILINTSVSRDFLEPSTACMVHGNLKLPNTCESFDVGNACLAFINGMNIAAHMLDRGEIDYALIVNAENSREINEITINRLLEPKVTRKQFKSEFASLTLGCGAAAMIMSRGDLEPDGHQYKGGVSRAATEFNNLCRGWNHQMWTDTKSLLREGMKLAGATYSTARQVLGWVANELDHVVIHQVSRVHTEAFIRAFGVQPERVYRIFPKFGNIGPASIPTVLSKIVDENRIQRGDKVALMGIGSGLNCCMAEVIW,WP_116651321.1,,,,,
Xanthomonas translucens,MLFNNVSIAGLAHIDAPHTLTSKQINERLQPTYDRLGIRTDVLGDVAGIHARRMWDADMQASDAATLAARKAMTDAGITAGQVGLLVNTSVSRDYLEPSTASIVSGNLGVGEECVTFDVANACLAFINGMDIAARMIERGEVDYALVVDGETANLVYEKTLERMTSPDVTAQEFRDELAALTLGCGAAAMVMARAELVPDAPRYRGGVTRSATEWNTLCRGNLDRMVTDTRMLLIEGLKLAQKTFVAAMQALGWVVDELDQFVIHQVSLPHTQAFIKNFGIDPKKVMTIFGEHGNIGPASVPIVLSKLRELGRLKKGDRIALMGIGSGLNCSMAEVVW,WP_003480168.1,,,,,
Sandaracinus amylolyticus,MLFSSVSVASVAYVDAPHRVSSRELEDRLSPLLKRLGLAPGIIASLSGVQARRFWDEGVQPSEVAAQAGEKAIVASGIDRARIGVLVNTSVCRDFVEPSTASIVHRHLGLSPRCRNFDLANACLGFLDGMELVAAMIERGAIDAALVVDGEGSRFAVEKTIDRLNASGDARALGEEFATLTLGSGAAAMVLCRRDLAPAAHAFRGGVSLAATDWNHLCRGHADRMVTDAQKLLTQGLDLASKTFELARTELGWSPDVLDEVVIHQVSRQHTEKLAAQLGVAPAKIHAIFPEHGNVGPASVPMVLAKAAEIGRLRSGMRVALMGIGSGLNCAMAEIVW,WP_053234550.1,,,,,
Frankiales bacterium YIM 75000,MPNAGQRYSDVVISGLAHLDAPQVLTSEAIEDRLAPAMKRLGVGRGLLGRLVGISQRRVWDEGTPPSDPAAEAGRRAIERSGVPAEQLGMLVNTSVSRDFLEPSTASIVHGKLGLPTTAMNFDLGNACLGFVNGMNLVSTMIERGEIDHGIVVNAESSRFVVESTIERLLTKGTPEVLREQFATLTLGSGAVAMVLSRKGTVDDGHAYLGGLSRASTQHAHLCTGHAHEMLTDLRGLLDAGIELGHLTWKEAVDAYGWDPDGFDLYALHQVSLVHTRAVCDTLGIDPQRVPLIFPEHGNMGPASVPYVLSKAAEEGRLRRGDKAVLMGIGSGLNACAAEVHW,WP_119951226.1,,,,,
Brevibacterium antiquum,MANGNATFRHSNVALLGLTEILAPNVVTSQEFDERLADTLSTLNLPTGLLQRVAGVNARRNWDEPSQFADGAIAAGKKALAEAGVSPDSIGLMVNTSVTREHLEPSVAVGVHAGIGLGSRAMNFDIANACLGFVNGMTLAANMIDAGQIEYALVVAGEDASRVQEATLRRLTRPGISREEYLNEFASLTLGSGASAAVLGPADKHPNGHRILGGITRAATQHHELCVGDHNGMFTDTKGLLAGGMELVVAAWEEAHEDGWDWREMDRYIMHQVSDVHVNSITKAANLDPDRIPVTYPELGNVGPASLPITLSREASHLKRGDRILCMGVGSGLNTAMTEIEW,WP_101620581.1,,,,,
Sediminihabitans luteus,MVHQNVALLALATTLPDDVTTSDEIDERLGETLRRLRVPRRMLQRVAGVHERRRWAKDQSFVSAAVAAGEKALAEAGVAPSEVGLIINTSVTRPHLEPSVAVRMHDGLGLPSSAMNFDIANACLGFVNGMTVAASMIDAGQIRYAIVIDGEDADEMQDRTIERLSRPTTTREDFMNEFASLTLGSGAAAVVLGPADAHPVGHRILGGVTRAATQFHEVCVGSVDGMITDTKALLKGGMELVVAAWKDAREHFSWSSMDRYILHQVSDVHTDAIVKAARLDRSKVPLTYPRHGNVGPASIPITLAEQAPSLAPGDRVLLMGVGSGLNTSMMEIAW,WP_100422947.1,,,,,
282669.3.peg.967_Kocuria_mesophile,MTGNSTITNRNAAILSVTKTEADVVIPSTRFDEELEHTFKRLRMPKGLLERLAGIKERRGWAPGRHFTDGATEAGEAALQQAGIRPEQIGLFINASVTRDNYEPAVAVGIHERLGLPSSALNFDMTNACLGFVNALTVASSMIDAGAIDYALVVAGEDPSPWHEAALARLSEDGITRDQVVQEFATLTLGCGAAAGRTPQGIVLAVHGNPTWSYLWRDVVRAATEAERPWRVVAVDQLDMGFSERTGLFRRLEDRVTDLGDLTREIGLDAAGLPVVTLAHDWGGLISQGWAQEHPQIHAATVMTNTAVHHDEAEPIPSALRLALNKAVHGPVTTGSTAFLDTTLALCDPA,282669.3.peg.967_Psychrobacter_psychrophile,Mesophilic,33,,,
1075768.5.peg.2737_Janthinobacterium_psychrophile,MTLYSKIIGTGSYLPERRVTNQDLAEQLAAKGIETSDEWIVSRSGISARHYAAPEQNSSDLGVAAAKSALQMAGLQANDLDLIIVASSTPDFFGSFPSTACIVQNKLGITNHCAAVDVQAVCSGFVYAVATADSFIKSGMHKNVLVIGAEVFSRILNFDDRGTCVLFGDGAGAIVMAASREPGILAAKLHADGRQSHILSVPGSVAGGAVAGSAFLHMDGPAVFKLAVSVLEKVALEALAHANMTADQIDWLIPHQANIRIMNSTAKKLGLPLEKMVVTVDQHGNTSAASIPLALDIAVRDGRVKKGDNVMMEGVGGGFTWGAVLARM,1075768.5.peg.2737_Janthinobacterium_psychrophile,Psychrophilic,4,,,
1629713.5.peg.2518_Desulfobulbaceae_psychrophile,MIHYSNVCFDTFGYELPSRILTSDQLEERLAPVYERLGLPAGRLELMSGIRQRRLWPPGTRPSEAATLAGKRVLERAGLAASEVECLIFTSVSRDMMEPATASFVHEKLGLPQEALIFDISNACLGFLDGMVMLANMIELGQVKNGLIVSGETAEELLESTLLALLGDESLSRKSIKPAFASLTIGSGAVGLYMRRTRKDEDKPRLVHGAWRANTAHSDLCHGGQRGGNTTLMATNSEELLHRGVETAQMTWREFSKKAGWQADDVDRFFCHQVGSAHAKLLFEQLGLKTEKNFATLDILGNVGSVSAPITMAMAIEQGVFRPGQKGALLGIGSGINCMMLGVEW,1629713.5.peg.2518_Desulfobulbaceae_psychrophile,Psychrophilic,10,,,
177439.6.peg.798_Desulfotalea_psychrophile,MSGIRERRLWPKGMKPSEAAYLAGKKTLDDGGIAAAEVECLLFTSVCRDMMEPATSAFVHHKLGLPKSCLVFDISNACLGFLDGMVMLANMIELGQVKNGLVVSGETAEDLLESTIAALNADETFTRKTIKSSFASLTIGSGSVGCFMRRAEAGETKPRLVRGVWRTDTDHIHLCQGDAQGGETTLMQTDSEELLLRGVDTAAAAWDAFAAPGWRNEEVDAYCCHQVGVAHFRMLFDRLGLSEEKNFQTLPFLGNVGTVSAPITLAMAMEEGAFKPGERAVMLGIGSGINSIVLGIDW,177439.6.peg.798_Desulfotalea_psychrophile,Psychrophilic,10,,,
1123057.7.peg.1800_Rhodonellum_psychrophile,MSVYSIIIGSGKYIPNLVVKNEVFLSNSFFNDKGEKILKKNEDIINKLQEITEIEERRYLDPDLNTSDMAFYASEKAISDAGIDSETLDYIIVAHNFGDIRHDNQKSDLVPTLASRVKHLLKIENPDCVAYDLPFGCPGWLQGVIQADYYIKSGDAKRILVIGAETLSRISDPHDIDSMIYSDGAGAVILEGKSSDTPIGILAHKTRTDTLTQAHYLKMDISYDPDFKDNTLFLKMNGRKLYEYALTNVPLVVKQTIEKAGLTIQEIKKVLIHQANAKMDAAILARTFKLFEVEVIPEKIMPMSISKLGNNSVATIPILYDMIVKEELEDQAIHSGDYLVLASVGAGMNVNALIYLVP,1123057.7.peg,Psychrophilic,5,,,
2483033.3.peg.4057_Sedimentitalea_mesophile,MPKCFKNTKDTDFMQSKFPLGLSVQVAGTGHCVPSTRVTSEEIDTKMGFPCGYLTRASGVRSRYVCDQEDQVDMAVDACQKAITAAGLTPGDIDLVLGACAVPYQPLPAMAPLVMGRLGMADGCAAGFDVNASCLSFLTAFELAASKIALGQNQQVLVFSSEVASRALPWQEQPDVAALFGDGAGAAVLKAPGDAGPRLRASLMRSYPSHYDACQVGAGGTRFDYHNDPKGFNEHAVFRMDGKNLFRITHKYFPQFVQELLDRAEWTAADIDVVVPHQASPLALEHMVSKTDLNPDQIVDISQSYGNQIAASMPTALDFALQQGRIGSGSRVLMLGTSAGVNFGGMALDF,2483033.3.peg.4057_Sedimentitalea_psychrophile,Mesophilic,18,,,
2508880.3.peg.322_Salinibacterium_psychrophile,MAGVLERRNWAEGETSDDATVSAGQRALAEAGVDASEVGLLINTSVSRKHLEPSVAVRLHHGLGLPSSAINFDVANACLGFVSGMNLAANMIESGQIKYAIIVNGEDADDIQTNTIDRLLKQDSDREGFMSEFASLTLGSGAAAAVLGRTDEHPAGHPILGGVTRAATQFHELCVGSVDGMFTDAKALLKGGLDLVVSAWKEASTEWDWSKMDLYVTHQVSSVHTNAIVKAAKLDRDRVPTTFPLYGNVGPASIPITLDEAQGTLKKGDRVLLMGVGSGLNTAMMELAW,2508880.3.peg.322_Salinibacterium_psychrophile,Psychrophilic,5,,,
254787.3.peg.2962_Paeniglutamicibacter_psychrophile,MNGNATFRHDNAALLAVTSVQAPRVLSSAEFDERLAPSLKRLRLSKKLLERVSGVMERRWWSDGTSFDDAAVEAGGKAMAEAGVEPGQIGLLINTSVTRRNLEPSVASKIHNDLGLPSSAMNFDITNACLGFVNGMTLAANMIDSGQIKYALVVAGEDAQPTQETTFARLNAEDSTREDYLNQFATLTLGSGAAAAVIGPADAHPGAHRIVGGVSRAGTEHHELCVGGLNGMYTDTKGLLDNGLELVVSAWDEAHQSGWNWKSMDRYVTHQVSNSYTNAIIKAVDLVRDRVPITFPKWGNVGPASLPMTLAQESKTLKPGDRVLCMGVGSGLNTAMMELAW,254787.3.peg.2962_Paeniglutamicibacter_psychrophile,Psychrophilic,-1.5,,,
756698.3.peg.3339_Moritella_psychrophile,MKYNRVFINSLTYELAPEIITSTALELRLAPLYQKLRIPIGQLAALTGITQRRWWPKDYMLSDGALIAAQKALDETGINVSDIGAVVYTGVCRDQHEPATACRIAAKLGVSNNTAIYDISNACLGALSGMLDIANRIELGQIKAGLVVSCESARHIVDVTIDDMLADPTIRNYATSLATLTGGSGAVAILLTDGSLNLAGSRNHQLLGASHLSAPEHHDLCQWGLKEIDTQLYREYMRTDAVKLLKEGVALAQETWQQFLEQRQWTPEDVDKVICHQVGAANQKKVLTALNIPVEKEFPTFKYLGNMGTVSLPVTAAMADEEGFLKKGDNVSFLGIGSGLNCMMLGLKW,756698.3.peg.3339_Moritella_psychrophile,Psychrophilic,5,,,
698738.7.peg.1803_Oleispira_psychrophile,MTKARFESIGAYIPNKRVSTEELTANMNIPPQFDLEAITGIKTRSWKEDKDDSYTMAIDAANSCLENSKYEAADLDIIISCSIARFVGDCSYYEPPMSLFLKHKLGAHKAIFFDVSNACAGMFSGLYILESMIKAGVVKNGLVVSGEYISTIAETAVLEAKDIYDPQFGSLTVGDAGAAVILDKAVDDNDVIDCFNLISTPEYSDLAIGKPSNDSNRYAMYASNSKMHTEERLKIWPNFQIDMLAKEGKDFKSEQFDYIIHHQVGSKFVERLLKVGKEAFSAEQPESLNVLEKYGNTSSTSHFIVLYEYLKANKLKDKSKILMVPAASGFVTGFLSMSINNLAVK,698738.7.peg,Psychrophilic,7,,,
1220571.3.peg.752_Alicyclobacillus_thermophile,MTIRAGILGTGSALPDQVLTNADLEKMVETDDEWITSRTGIKERRIAPEGTTTSDYATLAAERALADAGMAASELDFIICATVTPDMMFPATACLVQDRIGATHAGAMDLSAACTGFLYGVATAAAMVESGRFRRVLVIGADLLSRVVDYQDRTTCVLFGDGAGAAVVGPVDGERGFLSFNLGSDGGGGKHLYLPAGGSKMPATAESIEGRMHYLKMEGRETFKFAVKAMAASTEQVLAEAGLTRDDIDLLVPHQANIRIIEAARERFGIPVEKVVMTIQKYGNTSAASIPVALDEALREGRAKTGDLVVLVGFGAGLTWGAAALRL,1220571.3.peg.752_Alicyclobacillus_thermophile,Thermophilic,52,,,
1169913.3.peg.856_Vulcaniibacterium_thermophile,MLFQHVAIAGLAHIDAPRRLTSEEIHSRLKPTLDRLGIKYNVLEEVAGVRERRLWDGPVRASDAATLAGVKALADAGIDADRIGLLVNTSVSRDYLEPSTASIVAGNLRLPDTCQNFDVANACLAFLNGMDIAGRMIERGEIDYALVVDGETADLAYEKTLERLSRAEITEQDFRDEMATLTLGSGAAAMVLARAELAPGAPRYKGGVTRSATEWNQLCRGDLHHDRMIADGRMLMIEGLKLGQKTFTAAKAVLGWAVEELDQFVIHQVSKAHTQAFLRAFRIDPKKVMTIFGEHGNIGPASVPIVLSKLREMGRLKKGNRIALLGIGSGLNCSMAEVVW,1169913.3.peg.856_Vulcaniibacterium_thermophile,Thermophilic,45,,,
2026735.166.peg.848_Deltaproteobacteria_psychrophile,MRKTIIKGTGRYVPERLVTNDDLTQWMETSDEWIEQRTGIKQRYWIPEEGNVGASDLGLEATKIALEKANWQPEDIDMIIFATLSPDAFFPGSGCFLQHKLGLSDTPALDIRQQCTGFLYGLVTADAYIRSGLYNRVLLVGGEVHSTGIDISTRGRDVAVIFGDGAAAVCLEAVETDENAGVLASTLHAQGEFAESLWIEAPASRQMPRIDEKMLAENRHYPSMDGKNIFKMAVRRLPEVTMKVLKQSGLTLEDIDLIIPHQANLRINQFYQHSMKIPEGKVYNNIHKYGNTTAASIPLAMDEALEKGLIDDSSTLLFLGLGSGVTWGGCIYRGLEG,2026735,Psychrophilic,3.5,,,
2019672.3.peg.2803_Fischerella_thermophile,MIPIKLSTLGIYVPTKVMTNHDIAKIVDTSDEWIRTRTGIIERRIAAPEENTSTLATAAARQVLSKHGIDPLAIEMILVATMMPDTPFPSVACKVQNSIGATNAFAFDISAACSGFVYGLEIASQFIKTGAVRNALVIGAEVLSRCIDWQDRSTCVLFGDGAGAVLLESGQENCFLSSVLRADGSGQDLLFMPAGGTALPASIQTVENRQHFLKMKGKELFQAVVPIVCDAIIDTCEQAKISIENVKLIVPHQANFHIIEEVAVFLGIPFERFMCNLHKYGNTSAASIPLALFDAVQEGKIVPDDYVMMLGFGAGLTCAASLIRWDKSFVC,2019672.3.peg.2803_Fischerella_thermophile,NA,NA,,,
2026735.148.peg.1837_Deltaproteobacteria_psychrophile,MRFDQVSISSVSHVDGADRVTSAELETKLAEPMRRLGLQPGFLEGVTGIRARRMWGVEFQPSQAATAAAELAIAQAGIDRSRLGIVINTSVCRDYIEPSTSCIVHSNLGLGPDCMNFDLGNACLGFLNAMDIVGNMIERGQIEYGLVVDGENSRFVVESTIARLNDPDLDEATFRENFATLTLGSGGAAMVLGRSDQMSVGHRFVGGVTSAATEHHQLCRGQVDQMQTKSKELLIAGVTLAKQTYAMAKRELGWNPDAVAEYILHQVSRANTDKLAEALELPTDKFMHAYVELGNVGPAAVPMVLSKAAEAGRIQPGDRVALMGIGSGLNCSMSEIIW,2026735,Psychrophilic,6.1,,,
2268124.3.peg.401_Candidatus_thermophile,MKFSRVVLEAIGYELPTNVITSSWIEERLRPLYQRLFLQPGQLEALTGIKERRWWNPGHVNSHEATKAARKALEETDVPVSDIGALVYAGVCRDDFEPATACAVAANLGLPPTAMIYDISNACLGVLNGIVDIANRIELGQIKAGLIVACETAREITTIMIERMIAEGSMDFFKQALATLTGGSGAAGVVLTDGSYAPDRPRLVGATAMAAPQHHRMCRWGFDRHDPPRAPMMMETNAIGLLTHGKELITRLGQAFYQEMQWARETIDRLIPHQVANANRLAILEGLGISPDKDFSTFPFLGNMGTVSLPVTAAIAAERGVLQRGQRVAFMGIGSGLNSLMLGWQW,2268124.3.peg.401_Candidatus_thermophile,NA,NA,,,
2026799.183.peg.457_Verrucomicrobia_psychrophile,MKFQNVVLESLAYAQPPEVLSSEQLEERLRPLYERLKLPFGRLELMTGIKERRFWPSDHRPSAASAEAGLSALERSGIMRDQVEVLIHASVCRDMLEPATAAFVHKELGLRDDCQVFDLSNACLGFLNSMVLLGSMIDSGQIRCGMVTVGENGRPLVEKTLAELLEKPLTRNGIKPYFANLTIGSGACAGVLCHEDLAPGGHRLLAGACRAATQHSNLCLGDASSDGLAMQTESELLLDAGVAVAADTWEAFKLNTDWDEQTPDRIVCHQVGSVHRRRLYETLKLDPKRDFSTFEAFGNTGSAALPVTLARAVEEGAIKVGDRVALLGIGSGINCMMLAMQW,2026799,Psychrophilic,6.1,,,
2026809.16.peg.2167_Epsilonproteobacteria_psychrophile,MKFSQTRMHSLTYHVPEKVLSSTEIENEISEVYNKLNMSPGRLEMMTGIKERRYWEKGTSPGKMAAIAGKSALEKADISPKDVDLLIFASVCRDFLEPATASVVHHELGLPASCNFFDLSNACLGVLNSIIVAANMIETGAIRCALVVSGENSGPLLFETLNYIKNSPDIKRKEIKKLFANFTIGSAAVGLVLTHKDFYPWGLKLLGGASLSDSTANNLCQGSGDVNSLMMETDSEKLMKAGIDLSKRTWEKTKETLNWSNHTPDWIIGHQVSKAHENELLKNLNLEDKNTYTTYEKFGNTGSAALPLTLAKLMDSKELAAGQSLALLGIGSGLSSIMLGVTC,2026809,Psychrophilic,6.1,,,
326427.4.peg.556_Chloroflexus_thermophile,MLFKHVMIEAVSYVLAPHRITSAWIEDQIAETMERLRFPRGKLEALSGIRERRFWDEGTLPSTVATMAAEQLLQQVSVDRDRIGLLINTSVCQDYLEPSTACFVHRNLGLSPRAINFDVRNACLGFLNGMAIAGMMIEAGTIEYALIVDGEGSQDAVMATIRRLRRPETTKQDLRDNFATLTLGSGGAAMLLTHECLSRSGHRLNGVVTLAATQYNHLCLGQPDYMKTDAGALMHAGVELATATWRLAQETLPNWSDRQIALYAPHQVGARHMAAVTKALGITPSKLFLNFPTLGNIGPAALPISLAQAVEAGRLRPGDHVGLLGIGSGLNCSMMSVTW,326427.4.peg.556_Chloroflexus_thermophile,Thermophilic,55,,,
575540.3.peg.2557_Isosphaera_thermophile,MRYSRVFVDAIGYELPPIVVSSDDLEERLAPVLSALRIPRGQLKAWTGIVERRWWEEGFPLAQGAIQAARRALEASRVRPHEIEAVIYGGVSRELFEPATACQVAADLGVADHAVVHDVSNACLGVLTGMVEIANRIELGQIRAGIVVSCESAREINEITIEELLAHVHDLERFKEGVATLTGGSGAAAVVLTDGSFGPEPGRRLLGGVTRTAPQFHALCRWGIEAVLTPAARCFRQFMSTDSLAVLKHGADLGFRTWGAFLRKLGWSQELIDKIICHQVGQSHRDAILRALGIAPEKDFPTYPYLGNIGTVSLPLTAALAEERGFLKPGDRVGWLGIASGLNCMMLGLEW,575540.3.peg.2557_Isosphaera_thermophile,Thermophilic,41,,,
BANHCEAM_01906_Planctomycetota_Ga0077529_UBA11888_marine,MQYQRAYLESFGYTLPKEIVSTDELEQRLAPVYERLRLPHGRLELMTGIQTRRFFPPHTSPSSKSILSGEKAIQASGIDRKHIGALVHGSVCRDFLEPATACGVHHGLKLSSDCLIHDASNACLGLLSGLIQVANMIELGQIRAGLVVGTECGRQLVENTIERLNTDSSLTRQDIKHLIASLTIGSGSVAMLLCNDELTQTGNRVTAASYLAHTDQHQLCQSEGLQSFMHTDSEQLMHEGVATGAETFAKFLTETGWPPEKIDKTVCHQVGVAQRKLLFETLELNPKIDYTTLETLGNTGAAALPLTMALALENGHILPKDRVAMLGIGSGINCLMVGVLWN,BANHCEAM_01906_Planctomycetota_Ga0077529_UBA11888_marine,NA,NA,,,
KJAEJPNA_02951_Proteobacteria_NA_HK1_marine,LQYSRVHIDALGYELAPIVVGSDELEDRLSPVYKKLRIAPGQLEALTGIAERRWWEDGYTITEGAAAAANKALANAGLTGSDVDVLIYAGVCREHFEPATACAVGDAIGISQDAYVYDVSNACLGVLNGIIDIANRIELKQVRCGMVVACESAREIVGIAINRMLADPSMETFRDSIATLTGGSGAAAVILTDNSFSKPARRKLLGAAHKAAPEHHRLCRWGVTPGPGGLSDLILSPQRLESALEQLMAPETIPSVVRELLSDERLPRVFTRMLPAEKLPLVLTQFMSTDSVAVLRHGVELGVRTWGSFLKNMGWAKDHVDKVICHQVGAGHRDTILKELGIPPEKEYPTYPYLGNMGTVSLPLTAALAEQRQFLRTGDRVGFLGIGSGLNCLMLGFQW,KJAEJPNA_02951_Proteobacteria_NA_HK1_marine,Mesophilic,27.558763,,,
HBIFKGPJ_00817_Verrucomicrobiota_MB11C04_MB11C04_marine,MSFSRVVIEKMAYALPPQVVTSEQLEQNLEPLYERLNLQVGRLELMTGIKERRFWESNHKASQASAEAGVKLLEEGNIDPRDVDLLIHSAVCRDRLEPATASYVHKLMGLGHNTQILDISNACLGFLNALILAGSMIEQGTINRAIIVAGENGKPLVDETIKLLNEANLDRKSIKPFFANLTIGAGAVAWSICRDENQMKTLPRLSQFANSTDTSHNQLCEGDQSMNGMLMQTDSEELLHAGVTVASNAWEKFLKTSRWNSQTPELVVTHQVGRAHQQAIEKALSYNPKKSFTTYELLGNCGSVSLPITFTLACEKNPAFLQVKSALLGIGSGLSSLMLALNN,HBIFKGPJ_00817_Verrucomicrobiota_MB11C04_MB11C04_marine,Mesophilic,30.12785,,,
LEOFMAAP_01462_Desulfobacterota_UBA2156_UBA2156_marine,MRYSKVYIDSLGYELPPQVVTSEDLEKKLKPLYKALHFQKGQLEVLTGIHERRFWKPNYKMSEGAIRAARKVIEDSNISAEDIGILIYGGVCRDNAEPATACAVSHGLCLGTETQVYDISNACLGVLNGMVHVANAIELGQVRAGLVVACESSREIIDITTDRLVETKDINFLKNNIATLTGGSGSVAVLLTDQSLSSRGHRLLGGVARSANEHHKLCMWGMETEVSSQGTHFIETDSIEILKHGVTLGGKTFKTFQKTLNWLDNAPDKIICHQVGATHQRNILSAIKIPKEKDFTTFKYLGNIGSVSLPITAAIAAEREFLVKNDRVGFLGIGSGLNCLMLGIEW,LEOFMAAP_01462_Desulfobacterota_UBA2156_UBA2156_marine,Psychrophilic,11.984006,,,
EHFHOKCJ_02025_Acidobacteriota_UBA8438_UBA8438_marine,MRYSHVNIESIGYELAPHVVTSAALEDRLAPIYDALRLPTGQIAALTGVRERRFWDAGQRMSDAAAKAGRKALSAAGVAPDEIGMLVYGGVCRDNLEPATACATADALGIRGAAIVHDTCNACLGVMNAMFQVANAIELGQIQAGLVVSCESARQIVDLTIARMAAAPSMEVFKKSMATMTGGSGAIGIVLTRASRSAGGHRLVGGVVHAAPEHHALSHWGADPDDVSDGHSLVMETDAVGTLHHGVALGTDAFQAFVSELDWPGGPDRVICHQVGAPHRAAILSAMDIPVERDFSTFEHLGNIGTVSIPITAAIADERGELQRGQRVGFFGIGSGLNCLLLGLEW,EHFHOKCJ_02025_Acidobacteriota_UBA8438_UBA8438_marine,Psychrophilic,7.32145,,,
BOCAEBNK_01452_Planctomycetota_Pirellulaceae_UBA11883_marine,MQYTNVNLEALGYTLPPNSISTSELEAELAPVYQRLSLPEGRLELMTGISARRYWDSDTLPGDKSIESGNSAIQDSGIDRNSIGMLVHGSVCRDHLEPATAARVHHELGLSADCHIYDVSNACLGQLNGIIQAANAIELGQIQAALIVGTEDSRHLMHSTINHLNTDLSITRSSIKNTIASLTIGSASSAILLTHRSISTHDNPIVAAAAQSDSRHHKLCHSGRDEAVSDGMHPLMNTDSETLMHEGIQTGVRTFEQFLNRSKWRRDEISRSYCHQVGSAHRKLMLDSLGLPLDRDFTTFQWLGNTGSAALPVTLAIGIEQQAINESEKIAMLGIGSGINCLMIAAQLSSVAVGTNTPAADIMSQMS,BOCAEBNK_01452_Planctomycetota_Pirellulaceae_UBA11883_marine,Mesophilic,21.16596,,,
LNBHEIKM_01765_Verrucomicrobiota_Opitutaceae_UBA5691_marine,VRIQSTVIDSIAYVSPPSVWSSEYIEKKLGPLYERLRLPEGRLRLMTGIRERRFWDHLIRPSEASAEAGREALKRSGIAAEAIEVCIHCSVSRDMLEPASASFAHRLMGLSPKTQVFDVSNACLGFLNSLTILSAMIDSGQVRSGIVVSGENGRPLLERTIQLLLEGDFDRKTIKPYFANLTIGAGAVAAVVCHESMSPSGHRLLGGAYLADTTNNDLCQGDSNAEGLGYEMQTDSEEMLYAGVNLAERTWELFRSELNWKTKTVDRVVCHQVGSAHQKLLFETLGLDTDRDYSTFAEYGNTGSAALPLTLAKAAADGFINKGDKVGLLGIGSGLNCLMLGVEW,LNBHEIKM_01765_Verrucomicrobiota_Opitutaceae_UBA5691_marine,Mesophilic,21.16596,,,
MDAOOEFB_04742_Myxococcota_UBA6777_UBA6777_marine,MRYNKVYIESIGYELAPHVVGSDDIEEQLAPLYKKLHIPEGQLEAWTGIEERRFWDIQHTMAEHAAVAGKDALERAGVEASQIEMLIYGGVCRDNLEPATACAVADAVGIPQAAQIFDVSNACLGVLTGVLQVANAIELGQIKAGLVVSCESSRQIVEATIQELLEKSDMDTLRTSIATLTGGSGAVGVVVTHESITKGGHKLVGGIVKNASEHHELCRWGPDSGIPATRPMVMETDALGVLKYGVILGAQTYRAFREELGWELPDKVICHQVGSAHQEQILKTLEIPAGRDFTTYEYLGNMGTVALPLTASIADERGFLQSGDKVGFLGIGSGLNCLMLGLEW,MDAOOEFB_04742_Myxococcota_UBA6777_UBA6777_marine,Mesophilic,26.218438,,,
KMMHOJIE_01354_UBP17_UBA6191_UBA6191_marine,MMYSNVYVGGMGYEIPRNVLKTEIMEKQLAPVYGQLNIGPGKLQMMTGLKQRRFWNDNLRPSEAATKAAIRALEQSPISTDQIGALVNCSVCRDYLEPSTATIIAKSLKLKSDTILFDVSNACLGFATGLSVVSNMIELGQIEAGIVVSAEAASEVVENTIKTLVENPSEELLLASIPSLTLGSGSVAYILCKKDIAPRGLQFEGGISLNDSQQSNLCLWGPDTGFPSQTNHTMVTDGKTLLDKGTKLAAQTWSKFTKLTGHSKSSMDVIFSHQVGILHRNVVFEALGLDVSKDFTTFEYLGNTGSVAMPITMAIGIEKGAFEPGQRAVLMGIGSGLVCTMYSVRWEAGA,KMMHOJIE_01354_UBP17_UBA6191_UBA6191_marine,Mesophilic,26.572419,,,
DFCJGBFB_01261_Planctomycetota_Planctomycetaceae_Fuerstia_marine,MRYEHVCVEAVVHNPPPEVVTSEQIEDHLAPVYERLRLPAGRLELMTGIEERRFYQVGTLPGSISQQTVKMAVEQSGVAADEFGALLHGSVCRDRMEPATATGVHAASGLPDQCVVMDVSNACLGLLNGMLLIADMIELGRIRAGVIVGTETGRGLVEGTIHSLLHDETLTRQSIKAAFASLTIGSGSAAVVLTHQQISKTNHRLLGGAVRSDTAHHELCAGDVDIQDGRPRMNTDSEALLHAGIALAEKTWAEARSELGWSNSDVDRIYTHQVGRQHRKLLVERLELDPQRDYPTVERFGNTGAVALPMAMAMGLQDDPPAKGTKLALLGIGSGLNSVMLGIECG,DFCJGBFB_01261_Planctomycetota_Planctomycetaceae_Fuerstia_marine,Mesophilic,24.81397,,,
GCDEAADJ_01881_Planctomycetota_Pirellulaceae_UBA721_marine,MRYKNVVIESLGYTLPPVIVSTDALEQELQPAYQRMRLPEGRLELMTGIRERRFWEPGTLPGDKSIESGQQAIAVADIDPQKIGMLIHGSVCRDHLEPATACRVHHALGLRRDCTIYDLSNACLGQLNGIAMAANAIELGQIEAALIVGTEDSRPLVENTVRSLNQDHVWTRKTVKMAVASLTIGSASSAILLTSRAISQTDNLLHAVTAQANTEFHNLCQSGKDEAVGEEMRPLMHTDSERLMAEGIAMGKMTFEQFLKDTQWQRGDLHRSFCHQVGAAHRKLMLESLQLPEANDFTTFQWLGNTGSAALPVTLAVGLEQGFVEPQENVGLLGIGSGINCLMVGVSFNEVRVGTQTPG,GCDEAADJ_01881_Planctomycetota_Pirellulaceae_UBA721_marine,Mesophilic,24.661385,,,
GPLNKHOO_02694_Proteobacteria_Alteromonadaceae_Colwellia_marine,MKYSRVFINSLAYELAPEVVTSAELESRLTPLYQKFRIPMGQLNALTGIEERRWWPADHMLSDGAIVAAQKAMTETGIDVADIGAVVYTGVCRDQHEPATACRIAAKLGVLKNTAIYDISNACLGVLSGILDIANRIELGQIKAGLVVSCESARHIVDVTIDDMLADPSMQNYARSLATLTGGSGAVAVLLTDGTLNLDTDRNHQLLGASHLSAPEHNNLCQWGLKKVGPQLFREFMRTDAVSLLKEGVSLAKDTWEHFLEQREWVEENVDKVICHQVGAANQKKVLTALNIPAVKEFPTFKHLGNMGTVSLPVTAAMAHDQGFLQKGDNVSFLGIGSGLNCMMLGLKW,GPLNKHOO_02694_Proteobacteria_Alteromonadaceae_Colwellia_marine,Psychrophilic,0.456763,,,
DEBJIJGM_01967_Planctomycetota_Pirellulaceae_SAT2750_marine,MQFQRVRLASIGYTLPQEVLSSDWIENQLAPLYTRLGLPPGRLELMTGISQRRQWPAGTMPSERSAESGNRALAVGGIPPEKVDLLIHGSVCRDYLEPATASRVHHLLGLGADCHLYDVSNACLGLLNAMVQAAAMIETGQVRAALVVGTEESRYLLETTIQMLNNDSSLTRQDIKLTLASLTIGSGSAALLLAHEDLAPQASPLLSATAFASTEHHELCQSIQDEAVSEQMQPLMHTDSEALMREGIRTGQQTFERFLAQSGWSAGDIDRTICHQVGGAHRTSLLETLQLDEANDFASFPWLGNTGSVALPITLAVAAEQQFLQPDQKLALMGIGSGINCLMLGARWGETPVAGNSELIGHQAEPPPVTSSISR,DEBJIJGM_01967_Planctomycetota_Pirellulaceae_SAT2750_marine,Psychrophilic,0.456763,,,
JICLLOGD_01998_Verrucomicrobiota_Opitutaceae_UBA5691_marine,VHIKSTVIDSLAHVVPPEVWTSTDIEEKLKPLYDRLHLPEGRLELMTGIRERRFWNHAIRPSEASAEAGIKALEKSKIPPDKIEVCLHCSVSRDMLEPATASFAHRLMGLSPNVQVMDVSNACLGFLNSLTLLSAMIDSGQVRSGIVVSGENGKPLLERTIQLLLERKLTRKTIKPYFANLTIGAGAVAAVVCHESLSPNGHRLLGGVCLADTSNNDLCQGDSNAEGFGYEMQTDSEEMLHAGVSLARRTWESLKSELNWQNDDADRVICHQVGSAHQKLLFDTLGLDLKKAYSSFQTCGNTGSAALPITLAKAEEGGFVKKGDLVAMLGIGSGLNCLMLGAEW,JICLLOGD_01998_Verrucomicrobiota_Opitutaceae_UBA5691_marine,Mesophilic,24.958885,,,
KBIHHBEC_00076_Planctomycetota_NA_Brocadiae_marine,MKYSRVYLDTIGYELAPVVVTSEELEARLQPLYEALHIPSGQLEAITGIYERRWWEPDYSLSRGATLAAQKAIEISSVRPQDVDVLIYAGVCRENFEPATACSVAAGLGVNSSAAIYDVSNACLGVMNGIINIANQIELGQIRAGMVVSCETAREINDTMIQRMLEAQDMELFKLALATLTGGSGAAAVLLTDRELSGLDRHRLLGGVTQAAPEHHGLCRWGIDQVHDFNFVQSMSTDSVSILKFGVELGVKSWRALLTEIGWTADDVDKVICHQVGSGHRDTILEMLNIPIEKDFSTYEYLGNIGTVSLPLTAALAEEREFLQPGDRVGFLGIGSGLNCLMLGLEW,KBIHHBEC_00076_Planctomycetota_NA_Brocadiae_marine,Psychrophilic,7.96837,,,
IGJJDNCB_00140_Nitrospinota_Nitrospinaceae_UBA8687_marine,MRFKNVCIEGLGYHLPENRITSTDLEKRLSPLYKKLKLPQGRLELMSGIQERRFWDKGVFPSEVATIAGKKAIDHSGIDIKDIGCLISASVCRDFLEPSTASLVHNNLGLPKESFVFDVSNACLGVLNGMCIIANMIERDQIKAGLVVSGENGGPLVNNTIETLLARTDVTRNNVKSSFASLTIGSAAAGILLVKSSLSKNKHQLMGGISIAETSFNHLCRGNGDAGFDQAPLMETDSEKLMLEGCRLAGRTWGRTREILGWNNEDVSRVFCHQVGKGHRKLMYENVGLDIEKDFSTLEFLGNTGSASLPVTFAIGVEKCPLKKGDKAALLGIGSGLNCLMMGVEW,IGJJDNCB_00140_Nitrospinota_Nitrospinaceae_UBA8687_marine,Mesophilic,23.681605,,,
CAPHBDKE_00217_Proteobacteria_UBA4486_UBA7359_marine,MKYSRVHMESIGYELPPVVITSEDLEQRLMPMYDALHIAPGQLESLTGIYERRWWEKGHILSDGAASAAKKALEQSNVEAKDIEALVYTGVCRENFEPATACAVAAQLGISDDANIYDISNACLGVMNGIIDIANRIELKQIRAGMVVSCETSREIVEIMIERMLKDKTIDMFSSSLATLTGGSGAAAVLLTDGSFDNKETHRLLGGANQSAPEHHKLCRWGVSISPVAIGEFVFSPDKLLAAIDQIMKPDVIPSVVKEVMSSDKLPPALSSVLPKEKLPAALSEFMSTDSVSVLKHGAILGVKTWGSFLMKMGWARDQVDKVICHQVGEGHRDTILKELGIAPEKDFSTYKYLGNIGTVSVPLTAAIADQRQFLKKGDRVSFLGIGSGLNCLMLGWEW,CAPHBDKE_00217_Proteobacteria_UBA4486_UBA7359_marine,Psychrophilic,13.993715,,,
AGKJGFPI_02100_Gemmatimonadota_UBA6960_UBA822_marine,LRYTRVVIERFGYELAPCVVTSDELENRLAAVYQKLHVQPGQLFQMTGIQERRYWEPGYSVSQGATAAAEHALSDSSVPANALDMLIYAGVCREHFEPATACHVAAGLKRVGHNIKESAHVYDVSNACLGVLNGVLDIANRIELGQIRAGMVVSCETARNIVDTTIARLTNNPIMEEFKAAIATLTGGSAAVAVILSDGSFGESDRRRLRGAVVENAPEHHMLCRWGLEAHPVGQANGTEAVLREFASTDAAAVLEHGVALGSRTWDKFLTEMEWSVENVDRTVCHQVGSAHRDVMLRTMGLSPEQDFVTYEYLGNTGTAALPVAAALAHERGFLAPGQRVGLLGIGSGLNCMMLGVDW,AGKJGFPI_02100_Gemmatimonadota_UBA6960_UBA822_marine,Psychrophilic,8.887131,,,
COMALLLH_01633_Proteobacteria_Alteromonadaceae_Colwellia_marine,MKYTRVFINSLAYELAPEVITSNALESRLAPLYQKYRIPMGQLAALTGITERRWWPKEHILSDGALAAAEKAIKETGISVSDLGAVVYTGVCRDQHEPATACRIAAKLGVSKETAIYDISNACLGALSGILDIANRIELGQIKAGLVVSCESARHIVDVTIDDMLADPSMQNYAQSLATLTGGSGAVAILLTDGSFDLTTDRNHQLLGASHLSAPEHNGLCQWGLKEVGPQLFREFMRTDAVTLLKEGVSLAKDTWEHFLEQRDWMTEQVDKVICHQVGAANQKQVLTALGIPTYKEYPTYQLLGNMGTVSLPVTAAMAHDQGFLKTGDNVSFLGIGSGLNCMMLGLKW,COMALLLH_01633_Proteobacteria_Alteromonadaceae_Colwellia_marine,Psychrophilic,-0.160312,,,
EOFIDKNB_01110_Gemmatimonadota_UBA6960_UBA1138_marine,MKYSKVHLEAIGYELAPVVVTSDELEERLEPLYKKLHIPQGSLETLTGIAERRWWEPKHSLSGSAAAAAKRALARTGVPAEALETVVYAGVCRENFEPATACAVAVELGVKGAVSVYDISNACLGILNGIHEIANRIELGQIRAGIVVSAETAREIVDVTIERMLSDATMAAYTGGLATLTGGSGAVAVLITDGSFDNDGTHRVLGGAQRAAPEHNDLCRWGLADAPTLHDTEPLRQWMYTDAASVLQHGVTLANKTWQDFLGQMAWDPDQVDRVICHQVGTVHRDTILGSIGIDRKRDFSTFPYLGNIGTVSLPLTAALAAEREAMVQGDRVAFLGIGSGLNCMMIGVEW,EOFIDKNB_01110_Gemmatimonadota_UBA6960_UBA1138_marine,Psychrophilic,1.47689,,,
JNICHHHL_03707_Verrucomicrobiota_Akkermansiaceae_Akkermansiaceae_marine,VVVTSEELEGRLAPMLRKLHVADGQLEHLTGILERRWWTPDTPVSQGATAAAKKVLAISGVPIAEIGSLIYAGVCRELYEPATACRVADGLGVNNSTAVYDLSNACLGVLNGILDVANRIELGQIRAGLVVSCESAREINDVMIERMLQMEDIKLFTLALATLTGGSGAVAVLLTDGSFNDNQGHRLLGAATHVAPEHHALCRWGIEKENGVHRPFMSTDSAAVLKHGVKLGKETWDSFLTKMDWSVDDIDRVICHQVGSGHQDSILKTFSLTPDKDFTTYEHLGNMGTVSLPVTAAMADERGVLKRGDNVSFLGIGSGLNCMMLGLKW,JNICHHHL_03707_Verrucomicrobiota_Akkermansiaceae_Akkermansiaceae_marine,Psychrophilic,1.47689,,,
PPJKJBEN_01083_Proteobacteria_Alteromonadaceae_Alteromonadaceae_marine,MKYTRVFINSLAYELAPEVITSSALESRLAPLYQKYRIPMGQLAALTGIVERRWWPKEHILSDGALAAAEKTIKETGISVSDLGAVIYTGVCRDQHEPATACRIAAKLGVSKETAIYDISNACLGALSGILDIANRIELGQIKAGLVVSCESARHIVDVTIDDMLADPSMQNYAQSLATLTGGSGAVAILLTDGSLDLTTDRNHQLLGASHLSAPEHNSLCQWGLKEVGPQLFREFMRTNAVTLLKEGVSLAKDTWEHFLEQRDWMTEHVDKVICHQVGAANQKQVLTALGIPTYKEYPTYQLLGNMGTVSLPVTAAMAHDQGFLKTGDNVSFLGIGSGLNCMMLGLKW,PPJKJBEN_01083_Proteobacteria_Alteromonadaceae_Alteromonadaceae_marine,Psychrophilic,-1.649738,,,
OILHCALI_01638_Verrucomicrobiota_Opitutaceae_UBA6669_marine,MKFEHTVIESIAVALPDDVLTSAQIEQRLAPLYERLKLPEGRLELMTGIKERRVWPTGTRPSDASAAAGRKVLTQSRLAAEHVELFIHAAVSRDMLEPATASFAHHKIGLPRTAQIYDVSNACLGFLNALTIAASMIESGQIKCALVCSGENGGPLVENTLNTLLEKPLSRQDIKPYFANLTIGSGAVAAVVCHDSLAPDGHRLVGGMARAATECSALCQGDTHGADSLAMQTDSEALLVAGVALAQETWTDFVKEVGWSRDEFTRFICHQVGSTHRRKLYEALELDLAKDFSTFETLGNTGSVALPATLATAADTGAIKHGDRVGLLGIGSGLNCLMLAVDW,OILHCALI_01638_Verrucomicrobiota_Opitutaceae_UBA6669_marine,Psychrophilic,2.5694,,,
GMOMBGHN_01628_Proteobacteria_Alteromonadaceae_Colwellia_marine,MKYTRVFINSLAYELAPHVVTSIELESRLAPLYQKYHIPMGQLTALTGIEERRWWPKGHVLSDGAIIAAKKAIDETGIDIAELGAVVYTGVCRDQHEPATACRIAGALGVSNQTAIYDISNACLGVLSGILDIANRIELGQIKAGLVVSCESARHIVDVTIEDMLAEPTMQNYAQSLATLTGGSGATAVLITDGSFDLKTERNHQLLGASHLSAPEHNNLCQWGLKEVGPQLYREFMRTDAVTLLKEGVMLAKDTWTHFLDQRDWVIEQVDKVICHQVGAANQKQVLTALNIPPEKEFPTFKNLGNMGTVSLPVTAAMAHNDGFLKKGDNVSFLGIGSGLNCMMLGFKW,GMOMBGHN_01628_Proteobacteria_Alteromonadaceae_Colwellia_marine,Psychrophilic,1.230869,,,
DLNKJDDL_01008_Proteobacteria_Shewanellaceae_Shewanella_marine,MKYSRVFINSLAYELAPQVVSSSDLESRLAPLYQKFRIPMGQLAALTGITERRWWPKGHRLSDGAIAAAQKALNETGIDVSDLGAVVYTGVCRDQHEPATACRIAAELGVSKDTAIYDISNACLGVLSGILDIANRIELGQIKAGMVVSCESARDIVDATIDHMLAEPTMQNFAQSLATLTGGSGAVAVILTDGTLPLKTTRQHQLLGASHLSAPEHHQLCQWGLQEAGHLLYREFMRTDAVTLLKEGVELAKHTWEHFLEQRDWVVERVDKVICHQVGASNRRQVLNALNIPHIKEYPTYQTLGNMGSVSLPVTAAIAHDEGFLRVGDQVSFLGIGSGLNCMMLGIKW,DLNKJDDL_01008_Proteobacteria_Shewanellaceae_Shewanella_marine,NA,NA,,,
JFDPEIEM_00492_Proteobacteria_Psychromonadaceae_Psychromonas_marine,MKYSRVFINSFAYELAPEVVSSHDLESRLAPLYQKLRIPMGQLAALTGIEERRWWPKDHRLSDGAIEAAKKSIAETDISIDDIGAVVYTGVCRDQHEPATACRIAAELGVNKSTAIYDISNACLGVLSGILDVANRIELGQIKAGLVVSCESARHIVDITIDNMLENQNIQNFSQSLATLTGGSGAVAVLLTDGSLTLKNERQHKLLGASHLSAPEHHDLCKWGLQEVGLKLHREFMRTDAVPLLKEGVALAHDTWKHFLEQRDWVVEQVDKVICHQVGSANQKQVLSALNIPAYKEFPTFQTLGNMGTVSLPVTAAMAHDQGFLKRGDKVSFLGIGSGLNCMMLGLEW,JFDPEIEM_00492_Proteobacteria_Psychromonadaceae_Psychromonas_marine,NA,NA,,,
KLHHEPHJ_03344_Hydrogenedentota_NA_Hydrogenedentiales_marine,MKYTNVHIDTIGYALAPVVVSSEELEDELEPLYSALHIPHGQLESLTGIQERRWWPKGYALSDGAIAAATKAFSQSPVTPRDIGAVVYCGVGRDNFEPATACRVASAFQIGGNTAIFDISNACLGVMNGILDMANRIQLGQIRAGLVVSAETARDIVEETIAKVLDNPTMAFYIESLATLTGGSGAVAVLVTDGSFGNDAQHQLLGGVSLAAPEHYGLCTWGLDHLGDGLRKQFMSTDAVSVLKYGVKLGLDTWQALLDEMGWSVEDIDKVICHQVGNANKDAILKSIGVSAEKDFATFGHLGNMGTVSLPLTAAIAHERGFLKSGDEVAFLGIGSGLNCMMLGLRW,KLHHEPHJ_03344_Hydrogenedentota_NA_Hydrogenedentiales_marine,NA,NA,,,
PMDDHMHM_02083_Proteobacteria_Psychromonadaceae_Psychromonas_marine,MKYSRVYINSMAYQLAPEVVSSKDLESRLAPLYQKLRIPAGQLAALTGIEERRWWPSDHRLSDGAIEAAKKSLSETGINVEDIGAVVYTGVCRDQHEPATACRIAAELGVNKSTAIYDISNACLGVLSGILDIANRIELGQIKAGLVVSCESARHIVDITIDNMLSNQSIQNFSQSLATLTGGSGAVAVLLTDGSLTLDNQRQHKLLGASHLSAPQHHDLCKWGLQEVGLKLHREFMRTNAVPLLKEGVALALDTWKEFLAQQHWTIDSVNKVICHQVGSANQKQVLAALGIPASKEFPTYQYLGNMGTVSLPVTAALAHEQGFLQKGDNVSFLGIGSGLNCMMLGLEW,PMDDHMHM_02083_Proteobacteria_Psychromonadaceae_Psychromonas_marine,NA,NA,,,
HAJIHKJJ_04557_Planctomycetota_Planctomycetaceae_Planctomycetaceae_marine,MRYHNVCLETFAYTLPDEIVTSDEIEERLRPVYERLHLPAGRLELMTGIRERRFFPMGTRPGDISALTAKKAIEQSGIPAESFGALIHGSVCRDQLEPATACNVHAAAGLPGSCAVLDVSNACLGILNGVLLLANMIELGQIRAGVVVGTEVGRGLVEGTIDTLLSSPNVTRKDVKGEFASLTIGSASAGIVVCDAKLSRTGNRLIGAHFLADSSHHKLCEGGVQSETYGDDRPRMQTDSEALLHAGVNLATQNWEATLQTLGWRNSSVNKAFTHQVGKAHRKLLYDSLGLNPEIDFATVDFLGNTGAAALPVTTAIGLERGHVQTGEKVAMLGIGSGLNSIMMGWEFQGIPS,HAJIHKJJ_04557_Planctomycetota_Planctomycetaceae_Planctomycetaceae_marine,NA,NA,,,
LNILFACD_01640_Bdellovibrionota_Bacteriovoracaceae_GCA_2720865_marine,MKFNNVVISDFAHYLPEKVMSSDEIEKRLAPLYKKLRLPEGRLELMTGITERRYWEPGTRPSALSTKAANNLFDSGKLKKEDIDLVIHASVCRDFLEPSTASVVHCDLGLKPEAMLFDLSNACLGVMSSMVMAANLIESGAIKHALIVSGENGGPLLFQTIETLLKDDSINRKNIKKYIANLTIGSAAVAYTLSHKDLASGHKLVGGVSMADTSANVLCQGGGDTQALMMETDSEELMKKGVVLAKETWERTKAELAWENSDIDWAIGHQVGKAHEALTMETLGLENKQTFKTYPFLGNTGSAALPVTLDLLNHEMKIEKGSKVALLGIGSGLNSIMLGVEW,LNILFACD_01640_Bdellovibrionota_Bacteriovoracaceae_GCA_2720865_marine,NA,NA,,,
