nams,sequence,acc,temperature_range,temperature,temperature_definition,comments,article,data_source
Xanthomonas_campestris_pv._campestris_str._ATCC_33913,MLFQNVSIAGLAHIDAPHTLTSKEINERLQPTYDRLGIKTDVLGDVAGIHARRLWDQDVQASDAATQAARKALIDANIGIEKIGLLINTSVSRDYLEPSTASIVSGNLGVSDHCMTFDVANACLAFINGMDIAARMLERGEIDYALVVDGETANLVYEKTLERMTSPDVTEEEFRNELAALTLGCGAAAMVMARSELVPDAPRYKGGVTRSATEWNKLCRGNLDRMVTDTRLLLIEGIKLAQKTFVAAKQVLGWAVEELDQFVIHQVSRPHTAAFVKSFGIDPAKVMTIFGEHGNIGPASVPIVLSKLKELGRLKKGDRIALLGIGSGLNCSMAEVVW,NP_635607.1,Mesophilic,30,O,NA,NA,og73
Actinomycetospora_chiangmaiensis,MRAAQRYDDVVITGLAHVDAPHVVTSTELEDRLAGTLGRLRITPGLLEKLSGIVERRVWDDGTMPSEVAARAGEKALAASGIDRDDIGILINTSVSRDHLEPSTASIVHGRMELSPEAGNFDLGNACLGFLNGMNVVATMIGAGEIDHGLVVAGETSRFAMESTIARLAGDDATRKMFHQQFATLTVGSGAVAMVLSRGTSGHRFLGGLGRASTMGNSELCVGQADEMRTDSGGLLAAGMELAGRAWKDAVSAFDWDTDSYDVYCLHQVSKVHTRAVADQLGLDIARFPSQFPRFGNIGPAGVPTVLSKAVEDGTVTDGSRVMLMGVGSGINAAAAEVIW,WP_026204600.1,Mesophilic,28,I,NA,https://www.microbiologyresearch.org/content/journal/ijsem/10.1099/ijs.0.64976-0,og73
Actinoplanes_atraurantiacus,MNVGITGIAYALPAREVTTAELQRRVAPKLPPRMFEQATGITRRRVAADDEYASDLAVDAATKVLADTGRDPLDIDLLLFASATRDMAEPATAHVVQAALGSRAHALDVTNACNSFLNGIDLARSMILAGRARNALVVTGETPTRAMRPSLTSFSQARTALAGYTFGDAGAAVLVEPVATGGILDVDAETHSEHWTVGGIFGGGSRHPRGDEHTYFSGDGRRLRAVFEEIGPGLISRVMNRLDHSWDSYAKVLVHQVTLPYLSRFVEVTGVPQDKLVVTVDELGNMASATLGVQLARTYPDLNPGDRVLLVGLGGGVSLMTMVWEVS,WP_097326105.1,Mesophilic,27,O,NA,https://www.microbiologyresearch.org/content/journal/ijsem/10.1099/ijs.0.037226-0,og73
Agrococcus_casei,MRGNATTRHSNVALLGITEAVAPVEVSSKSFDDRLADTLKTLRLPKGLLQRVAGVTTRRNWEHPSDYIEGAADAGRRALEEAGVRPDQIGLLINASVSREMLEPSVAVAVHDSIGLSPAAMNFDITNACLGFVNGMTVAASMIDAGQIDYALIIAGEDMSRVQESTVERLRRDGITRDEYLNEFATLTLGSGAAAAVLGRADRHPEGHLIKGGVTRAATWNHGLCIGDYDGMFTDTQGLLDNGMQLISEAWAEAHDNGWEWTTMDHYIPHQISHVHVNALTEATKIDADRVAKTYPELGNVGPASLPITLARKSGEMKQGDRILCLGVGSGLNTAMLEITW,WP_086990725.1,Mesophilic,30,I,NA,https://www.microbiologyresearch.org/content/journal/ijsem/10.1099/ijs.0.64270-0,og73
Allokutzneria_albata,MTYSRIGQIAVHLPEGGRTSAEVEALVAELNPGFEPPEGLIERFTGVRYRHIAPEDTQASDLAVAAIEKLFASWGHGIDDVDLLIFAAASTDVIEPATAHIVSDKLGGSCPVFDISNACSSVFNAIEVADALIRTGQYRRVLIACGERVSPGARYRDVATMDDFVHAGASHTVSDAGAALLVEASDEPGIIGHRSIANSSAWSATVVPLVHDKESDTLKVEYLGVKTLDLMKGLDQADITPLLDAVAGFGLTMDDFDVVCIHQAVLAYVEVFCERAGIPYDRTVLTLADHGNVASATLPLQLVKAVESGRLNPGDKVLLVGLASGLSLGVMAMQW,WP_030433686.1,Mesophilic,28,I,NA,https://www.microbiologyresearch.org/content/journal/ijsem/10.1099/ijs.0.65474-0,og73
Anaerocolumna_xylanovorans,MVKTMNYIAKLVGVGQALPERVVTSEEMEAMMGFDQLGIRKGMAKILSGVSERRFASDEINSSDLAVEAAKEAMEMAGKKAEDIDLVIFSALTQDVAEPATANIIMDKLNIRNAKSFDIKNACNAFVCAIEIANMYIKCNDVKNVLIASGEVLSRFVKMDLLKDPAKLKDVNSTFSVGDGGGAIVLERQESEEDFGIITAFRTFPDTWSDGVLWGGGTIYPHDPDKFYFQNESEELMKINFKRAMKFFEEQMEKMKIVREEIDLFIPTQITKYIIIKSSEVLKLPDDRVVSQIGTLGNMSTASIPVALSRAVNSGQLKIGTGQKVVLLGVANGFNVGLVYMSI,WP_084558798.1,Mesophilic,30,I,NA,https://www.microbiologyresearch.org/content/journal/ijsem/10.1099/ijsem.0.001123,og73
Auraticoccus_monumenti,MASTATTSLRNAYRLQDTVILSATAVEAPERVTSAWIDEQLSETYSRLSMTPGKFEELAGVVARRWWPSGVSFIDGAAEAGAKALAEAGVEPGQVGLLINTSVSKDHLEPSAAVQVHDAIGLPATCLNFDISNACLGFINGMQVAGTMIDAGQIDYALIVNSENIRGLQEKAIARLQRPETTVAEVREQFATLTLGCGATAMVLGRGDQSSGGHRLLGGTHKSATHHHDLCVGDLSFMRTDTRGLFEAGLALALETFEDSAEEFGWHEVDHLVSHQTSLVHIAALCARLGLDQAKFPLSLPEFGNMGPAAAPFTLATSQDRFEPGDRVMMLGIGSGLNTSFADILW,WP_090596165.1,Mesophilic,28,I,NA,https://www.microbiologyresearch.org/content/journal/ijsem/10.1099/ijs.0.024257-0,og73
Bacteroides_luti,MAFLSVNNVEIVGLAAAVPKNVETLDNLEFFAPGEAEKVMALTGIKERRIAPREMVCSDYCTIAAEKLMDELKWDKESIDTLVYVSVSRDYIEPNTATVIQGKLGLKSECITFDIPMACSGYCYGLSIVASLLSSGCIKRALLLVGDTPSKIISPLDKTLWPIHGDAGTATALEYNISAKPMYFNLMSDGTQFNAIIAPSSGVREPITIDSLKIIELEPGIARNKTHVAMDGMAVFSFTITSVPKCIKSLCEHFNLDIQDLDYLLLHQANKYIDEKIRKKLKVSEDKVPYCLEYFGNTSSGTIPMTMVTQIREKLSNSQNRMVLCGFGAGLSWASVYIETKDIKVLPLIEY,WP_073399371.1,Thermophilic,40,O,NA,https://www.microbiologyresearch.org/content/journal/ijsem/10.1099/ijs.0.056630-0,og73
Brachybacterium_alimentarium,MANGNGNTGFVHRNASLLSVEMTLPQVTVTSDEIDEMLSPARKRLRLPKGVLQRVAGVYERRWWRDPQNGWKQGVVLAAERAMAKAGIMRDQVGLLINASVSRQHLEPAVSTGIHHSLGMPSSCMNFDITNACLGFVNAMTMAAGMIDAGQIQYALIVGAEDVEQVQRGTIDRLNAKNSTRADFNNQFASLTLGSGAAAAVIGPTDKHPEGHRLKHTQSRAGTEHHELCVADMQDMRTDSAGLLENGIQLILDTWKGANEDGLDFKSIHHVIPHQVSMVYTRNFSKITGVGMERIPVTFPDWGNVAAEAVPMTLASIQDDVKRGERVLLMGVGSGLNTAMMEVEW,WP_096166078.1,Mesophilic,30,O,NA,https://www.microbiologyresearch.org/docserver/fulltext/ijsem/46/1/ijs-46-1-81.pdf?expires=1594321769&id=id&accname=guest&checksum=578EAFEC27200E37DF2DC72AAE02D450,og73
Cephaloticoccus_capnophilus,MKFSQTYIESLAAALPDEILTSAEIERRLAPLYERLHLPEGRLELMTGIRERRLWPAGTRASDASARAGRAALAKSCIRPEQIELYIHAAVCRDMLEPATAAFAHRKIGLSPNCQIFDLSNACLGFLNALTLAASMIEAGQIRAALITCGEDSRPLVEQTLRTLNAEPLTRNGIKPYFANLTVGSGAVGAVVCHESLVVPEGLGSGGAAGESSRAHRLIGGVVRAATAHSELCQGETHGADSLAMQTDSEALLIAGVTLAHETWGQFCEETGWDAATPSRFICHQVGSIHRRKLYDTLGIDLAKDFSTFEFLGNTGSVALPATLALAVEKGVVRSGDKVALLGIGSGLNSLMLAVEW,WP_068712879.1,Mesophilic,30,O,NA,https://www.microbiologyresearch.org/content/journal/ijsem/10.1099/ijsem.0.001141,og73
Clostridium_combesii,MRSRIKGVGRYLPNRIVTSEEAEELAGFKKLGVRKGLCKMLTGCEERRYSDTNEYSSHIAAKAAIDAMKKAGVSSDEVDALIFCSVSQDFAEPATANVVMDLLNIKNAFGFDVKNACNAFLTGIDIADSLIKTGKADIVLVVSGEALSKWINFKFESKEELIRRAPVTLSIGDGGGAFIMGREEDDNKGIVKGIFRTYAEYWNNNVVWGGGVRFPRDSDKMYIPGTTKVIIDEQRNLGKNLLPILEREVGWNFQKDVDCYIPTQVAKWINKSMSNELSFPIEKIIQVVDKFGNVGASNIPIATYEAIMDGRLKTGSKTLMSGVGVGINIATIAVIL,WP_099839552.1,Mesophilic,37,O,(49.8842� N 97.1248� W),https://www.microbiologyresearch.org/content/journal/ijsem/10.1099/ijsem.0.002827,og73
Desulfobacter_curvatus,MKYDKVFIESFGYELAPHIVTSQEIDEKLAPFFEAVGFVPGQLEALTGIRERRYWDEDHTIAEHAAVAGKRALDEAGISPKELGALCFCGVCQDGFEPATSCAVADMIGVGPRAHVYDVKSACLGMITGMVHVANEIQLGHIKAGLVVSCESARQIVDATIEEINTHKSIDFYREAVATMTGGSGAAAILLTDGTLGKPSTQRHAVKGGVVNNAIRHWNLCSWGFEDKGMPTDSRVIMRTNAQKVLDHGVELVVETYEMFRKEFNLSADQPDKIVGHQVGEGHHNRFYTAMNIDRKKDFSTFPFLGNVGSVSLPISAAIADERGFFVPGDFVVFVGVGSGLNCYFLGVEW,WP_020589018.1,Mesophilic,30,O,NA,NA,og73
Desulfobulbus_elongatus,MNLRYSRVCLHEFGYQLPPVELSSTTIEERLGPLYERLKLPAGRLELMTGIAARRLWQPGTRPSAGAAAAGAAAIARAGIDVAELECLLFTSVSRDMMEPATAAFVHRALGLPPDCLLFDISNACLGFLDGMVMLANMLEMGQVRAGLVVAGETAENLIDSTLAHLLADTTLTRKTIKPLFASLTIGSGAVALVMSRSDCRDTGHYLRGGACRANTAHNDLCQGGQNAEQGTLMSTDSEQLLEKGIETAAACWRSFQTALGWDKGAIDRFFCHQVGKAHAQMLFETLQLDPARNFETLPTLGNVGSVSAPITMALGIEQGALVPGQRAAILGIGSGINALMLGIDW,WP_051554118.1,Mesophilic,30,O,NA,NA,og73
Granulosicoccus_antarcticus,MKGCAVSNNFQYQFNDVAIVSIEACDAPVVVTSAAIDEALAPFLERVGAETGLLQKLAGIEERRQWPDDISFIEASALAGEKAIAASGIDPSRIGMISNTSVCRDRLEPSSAVSVHDRLGLSPHCINFDLSNACLGFVNAMHLAGTLIESGQIEYALIVDGEGTREIQQNTINRLLDEHSSMADLFSNFASLTLGSGSAAMILGRHSTNPGSHRLGRGEFRAATEHHDLCVGSLESMRTDTRALLEAGTQLGKICWDQADSDDWGDMDRYIIHQVSRVHTAAMVEILGIDHKRVPLTFPKYGNIGPAAVPFTLAKEAETLNEGDRVLLVGVGSGLNAAFLEITW,WP_088919872.1,Mesophilic,20,O,"Weaver Peninsula, King George Island, Antarctica (62o 14'S, 58o 47'E),",https://www.researchgate.net/profile/Jang-Cheon_Cho/publication/5786452_Granulosicoccaceae_fam_nov_to_include_Granulosicoccus_antarcticus_gen_nov_sp_nov_a_non-phototrophic_obligately_aerobic_chemoheterotroph_in_the_order_Chromatiales_isolated_from_Antarctic_seawater/links/58a593034585150402cfd4c7/Granulosicoccaceae-fam-nov-to-include-Granulosicoccus-antarcticus-gen-nov-sp-nov-a-non-phototrophic-obligately-aerobic-chemoheterotroph-in-the-order-Chromatiales-isolated-from-Antarctic-seawater.pdf,og73
Isoptericola_variabilis,MDGNATTRFSNVSLLAVTRRLPSRVTTSAEIQGLLAPALRRLRVPGRLLERVAGVHARRSWGPDEDCDAATVAAAQEALDRAGVAPDDVGLLVNTSVTRKHLEPSVAVALHHGLGLPSSAVNFDVANACLGFINGMSIAAGMIESGQIRYALVVDGEDADEVRATTVERLLRDGVGREDFMQEFATLTLGSGSATAVLGRADEHPEGHRLLGGVTRAATRFHDLCVGSAKGMFTDARALLDGGLELVVDAWKEAVSEWDWASMDRYVTHQVSRVHTDAIVEAVGLDRSKVPTTFPRLGNVGPASVPITLAEEAETLRRGDRVLLMGVGSGINTAMMELAW,WP_013837355.1,Mesophilic,30,O,NA,https://link.springer.com/article/10.1007%252Fs12088-014-0453-0,og73
Lysobacter_tolerans,MLFKNVAIAGLAHVDAPHSLTSDEINLRLKPTLDRLGIRVDVLKDIAGIHARRLWGSDKLASDAATEAGILALKDAGIQSGQLGLLVSTSVSRDYLEPSTASIVAGNLQVGDTCQNYDVANACLAFINGMDMAARMIERGEIDYALVVDGETADLAYEKTIERMLRPDSTEDEFRNELATLTLGSGAAGMVLARAELHPEAPRYKGGVTRSATEWNTLCRGNLDRMVTDTKQLLVQGMNLAGKTFVAAKQAMGWAVHELDQFVVHQVSKVHTQTLIQKFGIDPKKVMTIFGEHGNIGPASVPIVLSKLKQAGRLKKGDRIALLGIGSGLNCTMSEVVW,WP_076585679.1,Mesophilic,25,O,NA,https://www.microbiologyresearch.org/content/journal/ijsem/10.1099/ijsem.0.002710,og73
Micromonospora_avicenniae,MVHTRTADASPATRVGITAAAAALPERVVTSAELQEQVERESGITLPPRLFSRMTGIDTRRVAGPEEHASTLAVRAARAVLGSAAADPDDVDLLIFASASRDMAEPATAHIVQADLGTRAHVFDLTNACNSFLNGIDTARAFILAGRARRVLVVTGETPTRSMRMRASSAAQVRSAFAGYTFGDAGAAVLVEQVPTGGILDVQTATFSEHWTAGGIDGGGSRHPRGDEHTYFHGDGGKLRSIFERIGLDVLRAVHHRTGLDWSDYEKVLVHQVTLPYLTRFMELARVPEEKLIVTVPELGNVASATIGVQLARINEKLASGSRVFCLGLGGGVSITTMVWEKS,WP_076469753.1,Mesophilic,28,O,�isolated from roots of�Azadirachta indica,NA,og73
Mobilicoccus_massiliensis,MSENASYRLANCSILSVSTVEAPEVVTSDHLDELLQPAYDTTGMMAGQIERLAGVRERRWFPKDADYTRGAVEAGRQAIADARIDADRIGLIVNASVTRPHLEPGISAMVHAELELPRSCIAFDVTNACLGVVNSLQIAGTMIDAGQIEYALIVASEGARQMQEASIARLVDGGSRQDVKDAFATMTLGSGAVGIVLGRSDRHPEGHQIIGGITRAGTEHHELCIGGMDGMRTDASKLFVEGLSLATDAWAEAKGEWDWEEMDWYVAHQTSTAHIACLCDTLKLPAEKFPVTVDTYGNIGPVALPFTLGMYQHKMRKGDRVLLMGIGSGLNTSMTEVRW,WP_040156198.1,Mesophilic,37,O,NA,https://www.sciencedirect.com/science/article/pii/S2052297517300707,og73
Paenibacillus_polysaccharolyticus,MQLRRVRIAGTGKYLPQMKVTDEELDERLHVPAGWVSKATGVGYRYYASDEETSSYMGARAAEAALADAGLSFGEIDCLVCTSGTKEQPLPSTAVFIQQAMGQEESGVPAFDMDATCLSFLNGLDVISYMVDAGRYQRVLLVATEIASAGLNWKDPESAALFGDGAAAVIIERASEESGSQIVHASLRTYSRGARFSEIAGGGTRHHAAQYDVAHPDPFLFHMDGQAIFRMASKLLPGFMNEMLQASGDRMEDFSLVIPHQGSAMAMRLIRKKLGIPAERFMDITQGHGNTIAASIPMGLHEAIRQQRIERGDRVLMIGTAAGLSLGGLIFDY,WP_090922125.1,Mesophilic,28,O,"isolated from leaves of the Bamboo plants maintained at the Tamil Nadu Agricultural University Campus, Coimbatore, India.�  Coimbatore, India (11� N, 77� E).",https://www.microbiologyresearch.org/content/journal/ijsem/10.1099/ijsem.0.001901,og73
Psychromonas_aquimarina,MKYSRVFINSLAYELAPHAVSSSELESRLAPLYQKLRIPMGQLAALTGIQERRWWPSDHRLSDGAIEAAKKTIDETGVNINDVGAVVYTGVCRDQHEPATACRIAAELGVNNSTAIYDISNACLGVLSGMLDIANRIELGQIKAGLVVSCESARHIVDITIDNMLENQTIQNFSQSLATLTGGSGAVAVLLTDGSLPLKNSRQHKLLGASHLSAPEHNDLCKWGLQEVGLKLHREFMRTNAVPLLKEGVALALDTWKHFLSQRNWVNEQVDKVICHQVGSANQKQVLAALNIPAHKEFPTFQKLGNMGTVSLPVTAAMAHDQGFLKKGDNVSFLGIGSGLNCMMLGLEW,WP_028865527.1,Mesophilic,25,O,NA,https://www.microbiologyresearch.org/content/journal/ijsem/10.1099/ijs.0.65744-0,og73
Saccharothrix_espanaensis,MGTQLAGVAVHLPEQQVSTTEVERRLAPFTPPAGLIHRLTGVESRHVMGEHEQASDLAVAAARKLLAETGTAAADVDLLLFASASQDMVEPATAHIVAAKLELRCPVMDVKNACNSVLNGIEVADALIASGRYRTVLVASGEAPSRAVRWQVGGLAEFLRAFPGYTLSDAGAALLLTRGEEGVLGCGFTADSSRWDVGTLPGGGSRYPRDPERTYFDMDGARLKDAFLGLGRGVLDSTLDRLGLTWDDFAVIGVHQVSLPYLDMFARQVGVPTDRLVITLPQHGNVASASLPLQLVTARQLGRCGPGDLVALVGLAGGVSLGLVVIRL,WP_015101236.1,Mesophilic,30,O,"soil sample, Puerto Llano, Spain",https://www.microbiologyresearch.org/docserver/fulltext/ijsem/39/4/ijs-39-4-420.pdf?expires=1594327654&id=id&accname=guest&checksum=C5EE8638C5570BCD56FEDE1CC0884E43,og73
Virgibacillus_salinus,MNVGLLGTGHYVPTNVVTNKDMEKIVDTNDEWIRTRTGIEERRIASDDINTSDMAFFAAQEALKESNVKAEDIDLILVATVTPDTPFPSVSCMIQDRLGARKAAAMDISAACSGFMYGVVTAKQFIETNAYKNILVVGAEKLSKITDWSDRNTCVLFGDGAGAAVVGPVSEGKGILSFELGADGSGGKELYQNDEDHLMMNGREVFKFAVRQMPDSSVNVVEQAGYNKEDVDYLVPHQANIRIMEAAREKLGISEEKMATSIKRYGNNSSASIPIALSEGVKSGKIKDDDLVVLVGFGGGLTWGAIALRWGK,WP_092493676.1,Mesophilic,37,O,"saline lake located near Xilinhot, Inner Mongolia Autonomous Region, China.",https://www.microbiologyresearch.org/content/journal/ijsem/10.1099/ijs.0.009530-0,og73
Agreia_bicolorata,MDGNATTTHRNVALLSVATTMATRITTSAEIDRRLAPSLKRLKLPTGLLQRVAGVHERRNWGEGQTFDDAAIEAGKKALAEAGIRPDQVGLLINTSVTRKHLEPSVAVRIHHGLGLPSSATNFDIANACLGFVNGMALAGQLIDAGQIDYAVIIDGEDADEIQVNTIERLGREGIKRKDFMSEFASLTLGSGAAAAVIGRADLHPEGHRMLGGITRAATQFNDLCVGSVDGMFTDAKALLKGGMELVVSAWKDAKRQWSWSHMDRYIMHQVSSVHTNAIVKAANLDATRVPVTFPLLGNVGPASIPITLAQEASKLVRGNRVLLMGVGSGLNTSMMEIAW,WP_044441590.1,Mesophilic,25,O,Moscow Region,https://www.microbiologyresearch.org/docserver/fulltext/ijsem/51/6/0512073a.pdf?expires=1594327799&id=id&accname=guest&checksum=33C3D684A828B776AB0413E45E159597,og73
Arthrobacter_globiformis,MQDGNEQGLDLAGNATFRHSNTALLSVSSVEAPRIVSSTDFDRRLASTLQRLKFPPRLLERVAGITHRRWWAAGTSFDDAAVEAGAKALAEAGVEASDIGLLINTSVTRRNLEPSVAVKIHHGLSLPSSAMNFDLANACLGFVNGMTLAANMIDSGQIKYAMIVNGEDAQATQEATLARLQRPETTREDFNREFATLTLGSGAAAAVLGPADQHPGAHRILGGVMRAGTEHHELCVGGIDGMATDTKGLLDGGLRLVVDAWNEAQPEWDWASMDRYITHQVSTAYTQAIIGAIDLDPDRVPITFPHWGNVGPASLPMTLAAEAQTLGTGDRVLCMGVGSGLNTAMVEIVW,WP_003805730.1,Mesophilic,25,O,NA,https://jb.asm.org/content/jb/178/11/2999.full.pdf,og73
Cellulomonas_cellasea,MSGNATSRHRNAALLALASTTPDRVTTSADIDRRLAPALKRLRLPRGLLQRVAGVHERRNWADGQTFDGAAIAAAEKALAESGIDRREVGLLVNTSVTRKHLEPSVAVRIHHGLGLPSSAVNFDIANACLGFVNGMNLAAQLIDAGQIKYAVVVAGEDADDIQNNTIERLIGDDITRADFMQEFASLTLGSGAAAAVVGPADAHPEGHRILGGVTRAATQFHDVCVGSVEGMYTDTRALLEGGMELVLAAWTEARHEWDWAAMDRYILHQVSDVHTKAIVKAAGLDRSRIPTTYGRYGNVGPASIPITLAHEASSLEPGDRLLLMGVGSGLNTAMMEIAW,WP_034630949.1,Mesophilic,30,O,NA,NA,og73
Kineosphaera_limosa,MSENATYRLANTTILSVSALEAPQVVSSAELDESLAPAYARHGVKAGQIERLAGVVQRRWYPPEADYTDGAVDVGRAAMADAGVEAGEIGLVINASVTRPYLEPGISARVHHELGLPRRAIAFDLTNACLGVANAMHVAGTMIDAGQIDNALIVASEGSRQMQESSIKYLLSDDSTREDVKEAFATMTLGSGAVGLVLGRSDARPDGHRVIGGVTRAGSEHHTLCVGGMDGMRTDSSRLFREGLTLATEAWKDARGDFDWDDMDWYVAHQTSTIHIEALCKTLGLPQERFPMTLPTYGNIGPVAMPYTLAFHQDNIERGQRVLLMGIGSGLNTSMTEVAW,WP_006592558.1,Mesophilic,30,O,NA,https://www.microbiologyresearch.org/docserver/fulltext/ijsem/52/5/0521845a.pdf?expires=1594671803&id=id&accname=guest&checksum=2D62E203F559AA6005BEF0D93E4C2B9B,og73
Kytococcus_sedentarius,MPGNATFRHSNTSVLSVTALPAPEVHTSAEFDARIMDTLRRNKLVPGVLSRLVGIKERRWWPEDVHFTEAAAEAGRRALVDAGIKPEQVGLMVNTSVSRDHLEPSTAVRIHDTLGLPRSASNFDVTNACLGFVNGMQIAAAMIDSGQIEYALIVNAETTRHTHETTLKRLESEDATADDVLQQLATLTLGSGAAAMVLGRTDKHPEGHRFVGGVSRAGTEHHELCVGDFDRMTTDSVGLQEAGIALSEELWAEAAEEFDWQHLDRYVIHQVSTVHTEQICDRLGLDGAKVPRTFPTYGNMGPAAVPFTLALEAPHLERGDRVLLMGIGSGLNACCAEIEW,WP_012802190.1,Mesophilic,32,O,NA,NA,og73
Microlunatus_phosphovorus,MSGNATYRLSNTTILAACAVEAPIVATSAAFDERLAETYRRVGTRPGLLVRLAGVQERRWWPEDVTFADAAAMAGAKALAEAGIRPEQVGVVINTSVCRSHLEPSVAVAVHHQLGLPTNCLNFDVANACLGFVNAIQLAGTLIDSGQLDYALIVDAEGSRQIHELTLDRLSSPTATAAEFKEQFASLTIGSGSAAFVLGRADRHPEGHRVIGGASRTGSEHHDLCVGSLDMMRTDSKKLFDHGIALAVATWEDAKDEFDWDGAVDWFIAHQTSTVHLRAMAKAVGVSSAHFPTTVEKYGNMGPAAVPFTLAHHADRMRAGDRIVLIGIGSGLNTSFAEIVW,WP_013865923.1,Mesophilic,28,O,NA,https://www.microbiologyresearch.org/docserver/fulltext/ijsem/45/1/ijs-45-1-17.pdf?expires=1594930590&id=id&accname=guest&checksum=33CBE0A0299B6DC756EF437362F0A598,og73
Nakamurella_multipartita,MTGNSDFRFHDVAILSLDAGPAPLVVTSADVDRRLAPFYARTRSMSGLVTSLAGDFERRQWPAEVSFIQAAARAGEAAIAAAGIDRARIGVVIDTSVSRARLEPSSAVSVHHLLDLPPNCLNFDVSNACLGFVTGLHLAGALIDSGQIDYALIVDGEGTREIYDRTIDRLNERGEGLPDLLANFATFTLGSGAAAMVLGRHSAHPEGHQLLDGFFRAETRHHELCIGTIDGGVTDSRALLEAGIELAGAAWAQAGATAAWGSRDRYIFHQVSEVHTKAMIRTLGVDPAKVPTTFARYGNIGPAAIPITLATVADELSPGDIVLCMGIGSGLNVGVIELRW,WP_015749354.1,Mesophilic,25,O,NA,https://www.microbiologyresearch.org/docserver/fulltext/ijsem/46/2/ijs-46-2-519.pdf?expires=1594931003&id=id&accname=guest&checksum=B1CF8BF602E51AE05D2FA44C35832EEB,og73
Okibacterium_fritillariae,MDGNATTTHSNVALLSVATTIAPRITTSEDIDSRLQPVLKKLKLPQGLLQRVAGVLERRNWDEGQNFDDAAVEAGKKALAEAGIEPSQIGLIINTSVTRKHLEPSVAVRIHNGLGLPSSAINFDIANACLGFVNGMSLAAQLIESGQIKYAMIVDGEDADEIQVNTIERLSKGGIGRKEFMSEFASLTLGSGAAAAVIGPADLHPEGHRILGGVTRAATQFNELCVGSVDGMFTDAKALLKGGMELVVSAWKEAKRDWNWSSMDRYILHQVSEVHTNAIVKAAHIDRSKVPVTYPHYGNVGPASIPITLEAEKETLKKGDRVLLMGVGSGLNTAMMEIAW,WP_079726385.1,Mesophilic,25,O,NA,https://www.microbiologyresearch.org/docserver/fulltext/ijsem/52/3/0520987a.pdf?expires=1594931127&id=id&accname=guest&checksum=82E8AE4DFB400DD4DF27ECC1E3518F0F,og73
Sanguibacter_keddieii,MNGNATSKHQNVALLSVATVVPDVVTTSDEMDNRLADTLKRLRMPRGLLQRVAGVHERRRWAADQSFESAAIAAGEKALAEAGISASDIGLIINTSVTRPHLEPSVAVRMHHGLGLPSSAMNFDIANACLGFINGMNVAAHMIDSGQIRYAMIIDGEDADEVNDNTIDRLNRPETKRSDFMNEFASLTLGSGAAAAILGPADSHPSGHRILGGVTRAATQFHDVCVGSVNGMYTDTKALLKGGMELVVAAWQEAKESWSWTAMDRYVMHQVSDVHTSAIVKAAKLDRSKVPTTYPRYGNVGPASIPITLAEQSSTLAPGDRVLLMGVGSGLNTSMMEITW,WP_012868615.1,Mesophilic,28,O,NA,https://link.springer.com/content/pdf/10.4056/sigs.16197.pdf,og73
Citricoccus_muralis,MVQGNATFRHSNASLLSVTEVLAPVTVTSAQLDEELADVLKGLRLPKGLLPRVAGVNARRNWEHPGHFQLGAAEAGRQALEKAGVRPDQIGLMVNTSVTRETLEPSVAVRIHHEMGLPTSATNFDITNACLGFVNGITLAASMIDSGQVDYAVVVAGEDSVKVQQATLENLKQDGVDRTNFMEQFASLTLGSGAAAAIIGRTDQHPEGHRIVRGITRAGTDHHDLCVGDHKGMFTDSTALLKDGLELVMDAWNDVPADWGWATMDRYVTHQVSRLHTDSITEATGLDPSLFPVTFPELGNVGPASLPITLAREVDQLSAGDKVLCMGVGSGLNTAMLEIAW,WP_115933252.1,Mesophilic,28,O,can still grow at 4 C,https://www.microbiologyresearch.org/docserver/fulltext/ijsem/52/6/0522095a.pdf?expires=1594934250&id=id&accname=guest&checksum=88E60333A071D50AD48224F61E40E3DE,og73
Chromatocurvus_halotolerans,MHFKNVVIQAPVAVNAPVSLSSQEIAQRLKPTMDRLGIRENLLAEISGIESRGLWDEHTSPSDAATLAAEEAIARSGIDRSRIGLVINTSVSRDFLEPSTACMVHGNLGLAPDCLNFDVANACLGFLNGMDIAARMLERAEVDYALIVDGESSRPLIEATIARLLSPEVEEAQFRAEFASLTLGSGSAAMIMARRELAPDGHSYRGSVTRAATRFNKLCQGNMDRMQTDTRGLLGAGLELAAETFAEARKSFGWAPDELDQFVIHQVSKVHTESLVQLLGLDPVKVHTIYPHMGNVGPASVPIVLSRVAEAGKLDTGSRVALLGIGSGLNCSMAEVVW,WP_117315975.1,Mesophilic,37,O,NA,https://link.springer.com/article/10.1186/1471-2180-13-118#Tab1,og73
Nesterenkonia_alba,MQKRSEGNTTFHHRNAALLSVAEVEAPLVLTSKDLDKRLADALKRLKLPSGLLQRVAGVKARRNWRSDDEVRAGTVEAGRRALEAAGVSTEDISVMINTSVTREHLEPSVAVGVHHELGLPSSAMNFDITNACLGFVNAMTLAATMIDAGQARYVLIVNGEDARKVQDATVERINALEEVSRQDFMTEFASLTLGCGAAAAVIGPADEHPEGHRIVGGVTRAATQHHELCVGDHRGMFTDARGLLDGGLELVMNAWEDAKKHFSWQSMDAYVTHQVSQLHTSSIIKAAKLDKKKVPVTYPELGNVGPASLPITLAREAKNLVTGSRVLCMGVGSGLNTAMVEIEW,WP_033420292.1,Thermophilic,42,O,NA,https://www.microbiologyresearch.org/content/journal/ijsem/10.1099/ijs.0.003376-0,og73
Halobacteriovorax_marinus,MKYTKVAIHSFDYLEPDEFLTSDDIETKLAPVYKRLNLPAGRLELMTGIKSRGLWANGMRPSELSTRAAERVLEKSGIDRNEIGLLIHASVCRDFLEPSTASVVHHNLELNEDAMIYDLSNACLGVVNAMAMASNMIELGQIKYALIVSGENGGPLLTQTIEHLNNDETLTRKSIKKYIANLTIGSAAVAYLLCDSSLAPDAPRILGGAVSTDSSANILCQGDGDTTSLMMETDSEELLKHGLELAKKNWNKTKQELSLENKDIDWVVGHQVGTAHETLTMKAMELQDHKTFTTYETLGNTGSAALPITLAKLSEKQKIKKGEKVALLGIGSGLTSIMLGVQW,WP_096909276.1,Mesophilic,28,O,NA,https://www.ncbi.nlm.nih.gov/pmc/articles/PMC4811658/,og73
Kocuria_flava,MTGNSTMRHRNAALLAITKVEADEVVPSSQADEVLAGTFERLRMPKGLLERLAGVKERREWAPGRHFTDGAVEAGQAALEQAGVRPEQVGLLINASVTRDGYEPAVSVSVHHRLGLPSSALNFDVTNACLGFVNGLTIAATMIDAGAIDYAVVVAGEDPRPWHRETYERLQAPGVTRADVVREFATLTLGCGAAAAVVGPADRHPEGHRVAGSVTRSATEHHGLCIGGFDGMFTDATGLLKHGVGLLEQAWNDAHADGWDWQEMDRYIGHQVSMSHTNKLFADVGIDPDRFPVTFPFWGNVAAAALPMTLALEAESLGAGDRVLLLGVGSGLNATYMEIDW,WP_058859095.1,Mesophilic,32,O,NA,https://www.microbiologyresearch.org/content/journal/ijsem/10.1099/ijs.0.65323-0,og73
Arenimonas_oryziterrae,MLFTHVAIAGLAHIDAPHALSSADINARLQPTMDRLGIKTDVLQDIAGIFSRRMWDDETQSSDAATMAAEKALLDANVPRDKIGLLVNTSVSRDFLEPSTASIVSGNLGLGENCQNFDVANACLAFLNGMDIASRMIERGDIEYALVVDGETANLVYEKTLTRLSDPNVTEEQFRNELASLTLGCGAAAMVLARAELVPDAPRYKGGVTKAATQWNTLCRGNLDRMVTDTRMLLIEGLKLAQKTFVAARLALGWAVEEMDQFVIHQVSRVHTEAFIKAFGIDPAKVLTIFNEHGNIGPASVPIVLSKLKEMGRLKKGNRIALLGIGSGLNCSMAEVVW,WP_022969495.1,Mesophilic,28,O,NA,https://www.microbiologyresearch.org/content/journal/ijsem/10.1099/ijs.0.006031-0,og73
Thermomonas_haemolytica,MLFHHVAIAGLAHIDAPRRLTSEEINARLKPTLDRLGIRVDVLGDVAGVHARRLWDGDVQASDAATLAGVKALADAGIDPDKVGLLVNTSVSRDFLEPSTASIVSGNLGLPDTCQNFDVANACLAFINGMDIAARMIERGEIEYALVVDGETANLAYEKTLERMTRADVTEEDFKNELATLTLGSGAAAMVLARAELAPGAPRYKGGVTRAATEWNKLCRGNIDGMITDTRMLLVEGIKLATKTFEVAKQKLGWVASELDEFVIHQVSKVHTAAFTKAMGIDPKKVMTIFAEHGNIGPASVPIVLSKLREMGRLKKGSRVALLGIGSGLNCSMAEVEW,WP_114959563.1,Thermophilic,42,O,NA,https://www.microbiologyresearch.org/docserver/fulltext/ijsem/52/2/0520473a.pdf?expires=1595006107&id=id&accname=guest&checksum=B1BAB68F336EC403CB8DCA4E53680572,og73
Silanimonas_lenta,MLFQHVSIAGLAHLDAPHTLSSEEINRRLKPTLDRLGIKTDVLREVAGINARRLWDDGKPTADAATEVARKAIAEAGIEPGKIGILINTSVSRDFLEPSVASIVSGQLGLPDTCQNFDVANACLAFINGMDIAGRMIERGEVDYALIVNAENANVVYEKTIERLNREGITHEEFRNEFASLTLGCGAAAMVLARRELVPDAPQYKGGVTRAATQWSHLCRGNLDRMVTDTKLLLIEGIKLAQLTFAAAKQALGWAVEEMDEFVIHQISRAHTEAFLKTFGIDPKKVLTIFHEHGNIGPASVPIVLSKLKEMGRLKKGKRIALLGIGSGLNCSMAEVVW,WP_028771085.1,Thermophilic,47,O,hot spring,https://www.microbiologyresearch.org/content/journal/ijsem/10.1099/ijs.0.63328-0,og73
Wenzhouxiangella_sediminis,MLFDNVVIKSVASVDAPHTVTSEEIRERLAPTFKKLRLRGNPLIDLAGIEERRFWDEGVLPSQAATMAAEKALARADIDPDRVGILINTSVSRDFLEPSTACMVHGNLKLPNTCESFDVGNACLAFINGMNIAAHMLDRGEIDYALIVNAENSREINEITINRLLEPKVTRKQFKSEFASLTLGCGAAAMIMSRGDLEPDGHQYKGGVSRAATEFNNLCRGWNHQMWTDTKSLLREGMKLAGATYSTARQVLGWVANELDHVVIHQVSRVHTEAFIRAFGVQPERVYRIFPKFGNIGPASIPTVLSKIVDENRIQRGDKVALMGIGSGLNCCMAEVIW,WP_116651321.1,Mesophilic,37,O,NA,https://www.microbiologyresearch.org/content/journal/ijsem/10.1099/ijsem.0.001393,og73
Sandaracinus_amylolyticus,MLFSSVSVASVAYVDAPHRVSSRELEDRLSPLLKRLGLAPGIIASLSGVQARRFWDEGVQPSEVAAQAGEKAIVASGIDRARIGVLVNTSVCRDFVEPSTASIVHRHLGLSPRCRNFDLANACLGFLDGMELVAAMIERGAIDAALVVDGEGSRFAVEKTIDRLNASGDARALGEEFATLTLGSGAAAMVLCRRDLAPAAHAFRGGVSLAATDWNHLCRGHADRMVTDAQKLLTQGLDLASKTFELARTELGWSPDVLDEVVIHQVSRQHTEKLAAQLGVAPAKIHAIFPEHGNVGPASVPMVLAKAAEIGRLRSGMRVALMGIGSGLNCAMAEIVW,WP_053234550.1,Mesophilic,30,O,NA,NA,og73
Brevibacterium_antiquum,MANGNATFRHSNVALLGLTEILAPNVVTSQEFDERLADTLSTLNLPTGLLQRVAGVNARRNWDEPSQFADGAIAAGKKALAEAGVSPDSIGLMVNTSVTREHLEPSVAVGVHAGIGLGSRAMNFDIANACLGFVNGMTLAANMIDAGQIEYALVVAGEDASRVQEATLRRLTRPGISREEYLNEFASLTLGSGASAAVLGPADKHPNGHRILGGITRAATQHHELCVGDHNGMFTDTKGLLAGGMELVVAAWEEAHEDGWDWREMDRYIMHQVSDVHVNSITKAANLDPDRIPVTYPELGNVGPASLPITLSREASHLKRGDRILCMGVGSGLNTAMTEIEW,WP_101620581.1,Mesophilic,25,O,NA,https://link.springer.com/article/10.1023/B:MICI.0000023986.52066.1e,og73
Sediminihabitans_luteus,MVHQNVALLALATTLPDDVTTSDEIDERLGETLRRLRVPRRMLQRVAGVHERRRWAKDQSFVSAAVAAGEKALAEAGVAPSEVGLIINTSVTRPHLEPSVAVRMHDGLGLPSSAMNFDIANACLGFVNGMTVAASMIDAGQIRYAIVIDGEDADEMQDRTIERLSRPTTTREDFMNEFASLTLGSGAAAVVLGPADAHPVGHRILGGVTRAATQFHEVCVGSVDGMITDTKALLKGGMELVVAAWKDAREHFSWSSMDRYILHQVSDVHTDAIVKAARLDRSKVPLTYPRHGNVGPASIPITLAEQAPSLAPGDRVLLMGVGSGLNTSMMEIAW,WP_100422947.1,Mesophilic,28,O,NA,https://link.springer.com/article/10.1007/s10482-012-9742-y,og73
282669.3.peg.967_Kocuria_mesophile,MTGNSTITNRNAAILSVTKTEADVVIPSTRFDEELEHTFKRLRMPKGLLERLAGIKERRGWAPGRHFTDGATEAGEAALQQAGIRPEQIGLFINASVTRDNYEPAVAVGIHERLGLPSSALNFDMTNACLGFVNALTVASSMIDAGAIDYALVVAGEDPSPWHEAALARLSEDGITRDQVVQEFATLTLGCGAAAGRTPQGIVLAVHGNPTWSYLWRDVVRAATEAERPWRVVAVDQLDMGFSERTGLFRRLEDRVTDLGDLTREIGLDAAGLPVVTLAHDWGGLISQGWAQEHPQIHAATVMTNTAVHHDEAEPIPSALRLALNKAVHGPVTTGSTAFLDTTLALCDPA,282669.3.peg.967_Psychrobacter_psychrophile,Mesophilic,33,NA,NA,NA,pt20
1075768.5.peg.2737_Janthinobacterium_psychrophile,MTLYSKIIGTGSYLPERRVTNQDLAEQLAAKGIETSDEWIVSRSGISARHYAAPEQNSSDLGVAAAKSALQMAGLQANDLDLIIVASSTPDFFGSFPSTACIVQNKLGITNHCAAVDVQAVCSGFVYAVATADSFIKSGMHKNVLVIGAEVFSRILNFDDRGTCVLFGDGAGAIVMAASREPGILAAKLHADGRQSHILSVPGSVAGGAVAGSAFLHMDGPAVFKLAVSVLEKVALEALAHANMTADQIDWLIPHQANIRIMNSTAKKLGLPLEKMVVTVDQHGNTSAASIPLALDIAVRDGRVKKGDNVMMEGVGGGFTWGAVLARM,1075768.5.peg.2737_Janthinobacterium_psychrophile,Psychrophilic,4,NA,NA,NA,pt20
1629713.5.peg.2518_Desulfobulbaceae_psychrophile,MIHYSNVCFDTFGYELPSRILTSDQLEERLAPVYERLGLPAGRLELMSGIRQRRLWPPGTRPSEAATLAGKRVLERAGLAASEVECLIFTSVSRDMMEPATASFVHEKLGLPQEALIFDISNACLGFLDGMVMLANMIELGQVKNGLIVSGETAEELLESTLLALLGDESLSRKSIKPAFASLTIGSGAVGLYMRRTRKDEDKPRLVHGAWRANTAHSDLCHGGQRGGNTTLMATNSEELLHRGVETAQMTWREFSKKAGWQADDVDRFFCHQVGSAHAKLLFEQLGLKTEKNFATLDILGNVGSVSAPITMAMAIEQGVFRPGQKGALLGIGSGINCMMLGVEW,1629713.5.peg.2518_Desulfobulbaceae_psychrophile,Psychrophilic,10,NA,NA,NA,pt20
177439.6.peg.798_Desulfotalea_psychrophile,MSGIRERRLWPKGMKPSEAAYLAGKKTLDDGGIAAAEVECLLFTSVCRDMMEPATSAFVHHKLGLPKSCLVFDISNACLGFLDGMVMLANMIELGQVKNGLVVSGETAEDLLESTIAALNADETFTRKTIKSSFASLTIGSGSVGCFMRRAEAGETKPRLVRGVWRTDTDHIHLCQGDAQGGETTLMQTDSEELLLRGVDTAAAAWDAFAAPGWRNEEVDAYCCHQVGVAHFRMLFDRLGLSEEKNFQTLPFLGNVGTVSAPITLAMAMEEGAFKPGERAVMLGIGSGINSIVLGIDW,177439.6.peg.798_Desulfotalea_psychrophile,Psychrophilic,10,NA,NA,NA,pt20
1123057.7.peg.1800_Rhodonellum_psychrophile,MSVYSIIIGSGKYIPNLVVKNEVFLSNSFFNDKGEKILKKNEDIINKLQEITEIEERRYLDPDLNTSDMAFYASEKAISDAGIDSETLDYIIVAHNFGDIRHDNQKSDLVPTLASRVKHLLKIENPDCVAYDLPFGCPGWLQGVIQADYYIKSGDAKRILVIGAETLSRISDPHDIDSMIYSDGAGAVILEGKSSDTPIGILAHKTRTDTLTQAHYLKMDISYDPDFKDNTLFLKMNGRKLYEYALTNVPLVVKQTIEKAGLTIQEIKKVLIHQANAKMDAAILARTFKLFEVEVIPEKIMPMSISKLGNNSVATIPILYDMIVKEELEDQAIHSGDYLVLASVGAGMNVNALIYLVP,1123057.7.peg,Psychrophilic,5,NA,NA,NA,pt20
2483033.3.peg.4057_Sedimentitalea_mesophile,MPKCFKNTKDTDFMQSKFPLGLSVQVAGTGHCVPSTRVTSEEIDTKMGFPCGYLTRASGVRSRYVCDQEDQVDMAVDACQKAITAAGLTPGDIDLVLGACAVPYQPLPAMAPLVMGRLGMADGCAAGFDVNASCLSFLTAFELAASKIALGQNQQVLVFSSEVASRALPWQEQPDVAALFGDGAGAAVLKAPGDAGPRLRASLMRSYPSHYDACQVGAGGTRFDYHNDPKGFNEHAVFRMDGKNLFRITHKYFPQFVQELLDRAEWTAADIDVVVPHQASPLALEHMVSKTDLNPDQIVDISQSYGNQIAASMPTALDFALQQGRIGSGSRVLMLGTSAGVNFGGMALDF,2483033.3.peg.4057_Sedimentitalea_psychrophile,Mesophilic,18,NA,NA,NA,pt20
2508880.3.peg.322_Salinibacterium_psychrophile,MAGVLERRNWAEGETSDDATVSAGQRALAEAGVDASEVGLLINTSVSRKHLEPSVAVRLHHGLGLPSSAINFDVANACLGFVSGMNLAANMIESGQIKYAIIVNGEDADDIQTNTIDRLLKQDSDREGFMSEFASLTLGSGAAAAVLGRTDEHPAGHPILGGVTRAATQFHELCVGSVDGMFTDAKALLKGGLDLVVSAWKEASTEWDWSKMDLYVTHQVSSVHTNAIVKAAKLDRDRVPTTFPLYGNVGPASIPITLDEAQGTLKKGDRVLLMGVGSGLNTAMMELAW,2508880.3.peg.322_Salinibacterium_psychrophile,Psychrophilic,5,NA,NA,NA,pt20
254787.3.peg.2962_Paeniglutamicibacter_psychrophile,MNGNATFRHDNAALLAVTSVQAPRVLSSAEFDERLAPSLKRLRLSKKLLERVSGVMERRWWSDGTSFDDAAVEAGGKAMAEAGVEPGQIGLLINTSVTRRNLEPSVASKIHNDLGLPSSAMNFDITNACLGFVNGMTLAANMIDSGQIKYALVVAGEDAQPTQETTFARLNAEDSTREDYLNQFATLTLGSGAAAAVIGPADAHPGAHRIVGGVSRAGTEHHELCVGGLNGMYTDTKGLLDNGLELVVSAWDEAHQSGWNWKSMDRYVTHQVSNSYTNAIIKAVDLVRDRVPITFPKWGNVGPASLPMTLAQESKTLKPGDRVLCMGVGSGLNTAMMELAW,254787.3.peg.2962_Paeniglutamicibacter_psychrophile,Psychrophilic,-1.5,NA,NA,NA,pt20
756698.3.peg.3339_Moritella_psychrophile,MKYNRVFINSLTYELAPEIITSTALELRLAPLYQKLRIPIGQLAALTGITQRRWWPKDYMLSDGALIAAQKALDETGINVSDIGAVVYTGVCRDQHEPATACRIAAKLGVSNNTAIYDISNACLGALSGMLDIANRIELGQIKAGLVVSCESARHIVDVTIDDMLADPTIRNYATSLATLTGGSGAVAILLTDGSLNLAGSRNHQLLGASHLSAPEHHDLCQWGLKEIDTQLYREYMRTDAVKLLKEGVALAQETWQQFLEQRQWTPEDVDKVICHQVGAANQKKVLTALNIPVEKEFPTFKYLGNMGTVSLPVTAAMADEEGFLKKGDNVSFLGIGSGLNCMMLGLKW,756698.3.peg.3339_Moritella_psychrophile,Psychrophilic,5,NA,NA,NA,pt20
698738.7.peg.1803_Oleispira_psychrophile,MTKARFESIGAYIPNKRVSTEELTANMNIPPQFDLEAITGIKTRSWKEDKDDSYTMAIDAANSCLENSKYEAADLDIIISCSIARFVGDCSYYEPPMSLFLKHKLGAHKAIFFDVSNACAGMFSGLYILESMIKAGVVKNGLVVSGEYISTIAETAVLEAKDIYDPQFGSLTVGDAGAAVILDKAVDDNDVIDCFNLISTPEYSDLAIGKPSNDSNRYAMYASNSKMHTEERLKIWPNFQIDMLAKEGKDFKSEQFDYIIHHQVGSKFVERLLKVGKEAFSAEQPESLNVLEKYGNTSSTSHFIVLYEYLKANKLKDKSKILMVPAASGFVTGFLSMSINNLAVK,698738.7.peg,Psychrophilic,7,NA,NA,NA,pt20
1220571.3.peg.752_Alicyclobacillus_thermophile,MTIRAGILGTGSALPDQVLTNADLEKMVETDDEWITSRTGIKERRIAPEGTTTSDYATLAAERALADAGMAASELDFIICATVTPDMMFPATACLVQDRIGATHAGAMDLSAACTGFLYGVATAAAMVESGRFRRVLVIGADLLSRVVDYQDRTTCVLFGDGAGAAVVGPVDGERGFLSFNLGSDGGGGKHLYLPAGGSKMPATAESIEGRMHYLKMEGRETFKFAVKAMAASTEQVLAEAGLTRDDIDLLVPHQANIRIIEAARERFGIPVEKVVMTIQKYGNTSAASIPVALDEALREGRAKTGDLVVLVGFGAGLTWGAAALRL,1220571.3.peg.752_Alicyclobacillus_thermophile,Thermophilic,52,NA,NA,NA,pt20
1169913.3.peg.856_Vulcaniibacterium_thermophile,MLFQHVAIAGLAHIDAPRRLTSEEIHSRLKPTLDRLGIKYNVLEEVAGVRERRLWDGPVRASDAATLAGVKALADAGIDADRIGLLVNTSVSRDYLEPSTASIVAGNLRLPDTCQNFDVANACLAFLNGMDIAGRMIERGEIDYALVVDGETADLAYEKTLERLSRAEITEQDFRDEMATLTLGSGAAAMVLARAELAPGAPRYKGGVTRSATEWNQLCRGDLHHDRMIADGRMLMIEGLKLGQKTFTAAKAVLGWAVEELDQFVIHQVSKAHTQAFLRAFRIDPKKVMTIFGEHGNIGPASVPIVLSKLREMGRLKKGNRIALLGIGSGLNCSMAEVVW,1169913.3.peg.856_Vulcaniibacterium_thermophile,Thermophilic,45,NA,NA,NA,pt20
2026735.166.peg.848_Deltaproteobacteria_psychrophile,MRKTIIKGTGRYVPERLVTNDDLTQWMETSDEWIEQRTGIKQRYWIPEEGNVGASDLGLEATKIALEKANWQPEDIDMIIFATLSPDAFFPGSGCFLQHKLGLSDTPALDIRQQCTGFLYGLVTADAYIRSGLYNRVLLVGGEVHSTGIDISTRGRDVAVIFGDGAAAVCLEAVETDENAGVLASTLHAQGEFAESLWIEAPASRQMPRIDEKMLAENRHYPSMDGKNIFKMAVRRLPEVTMKVLKQSGLTLEDIDLIIPHQANLRINQFYQHSMKIPEGKVYNNIHKYGNTTAASIPLAMDEALEKGLIDDSSTLLFLGLGSGVTWGGCIYRGLEG,2026735,Psychrophilic,3.5,NA,NA,NA,pt20
2026735.148.peg.1837_Deltaproteobacteria_psychrophile,MRFDQVSISSVSHVDGADRVTSAELETKLAEPMRRLGLQPGFLEGVTGIRARRMWGVEFQPSQAATAAAELAIAQAGIDRSRLGIVINTSVCRDYIEPSTSCIVHSNLGLGPDCMNFDLGNACLGFLNAMDIVGNMIERGQIEYGLVVDGENSRFVVESTIARLNDPDLDEATFRENFATLTLGSGGAAMVLGRSDQMSVGHRFVGGVTSAATEHHQLCRGQVDQMQTKSKELLIAGVTLAKQTYAMAKRELGWNPDAVAEYILHQVSRANTDKLAEALELPTDKFMHAYVELGNVGPAAVPMVLSKAAEAGRIQPGDRVALMGIGSGLNCSMSEIIW,2026735,Psychrophilic,6.1,NA,NA,NA,pt20
2026799.183.peg.457_Verrucomicrobia_psychrophile,MKFQNVVLESLAYAQPPEVLSSEQLEERLRPLYERLKLPFGRLELMTGIKERRFWPSDHRPSAASAEAGLSALERSGIMRDQVEVLIHASVCRDMLEPATAAFVHKELGLRDDCQVFDLSNACLGFLNSMVLLGSMIDSGQIRCGMVTVGENGRPLVEKTLAELLEKPLTRNGIKPYFANLTIGSGACAGVLCHEDLAPGGHRLLAGACRAATQHSNLCLGDASSDGLAMQTESELLLDAGVAVAADTWEAFKLNTDWDEQTPDRIVCHQVGSVHRRRLYETLKLDPKRDFSTFEAFGNTGSAALPVTLARAVEEGAIKVGDRVALLGIGSGINCMMLAMQW,2026799,Psychrophilic,6.1,NA,NA,NA,pt20
2026809.16.peg.2167_Epsilonproteobacteria_psychrophile,MKFSQTRMHSLTYHVPEKVLSSTEIENEISEVYNKLNMSPGRLEMMTGIKERRYWEKGTSPGKMAAIAGKSALEKADISPKDVDLLIFASVCRDFLEPATASVVHHELGLPASCNFFDLSNACLGVLNSIIVAANMIETGAIRCALVVSGENSGPLLFETLNYIKNSPDIKRKEIKKLFANFTIGSAAVGLVLTHKDFYPWGLKLLGGASLSDSTANNLCQGSGDVNSLMMETDSEKLMKAGIDLSKRTWEKTKETLNWSNHTPDWIIGHQVSKAHENELLKNLNLEDKNTYTTYEKFGNTGSAALPLTLAKLMDSKELAAGQSLALLGIGSGLSSIMLGVTC,2026809,Psychrophilic,6.1,NA,NA,NA,pt20
326427.4.peg.556_Chloroflexus_thermophile,MLFKHVMIEAVSYVLAPHRITSAWIEDQIAETMERLRFPRGKLEALSGIRERRFWDEGTLPSTVATMAAEQLLQQVSVDRDRIGLLINTSVCQDYLEPSTACFVHRNLGLSPRAINFDVRNACLGFLNGMAIAGMMIEAGTIEYALIVDGEGSQDAVMATIRRLRRPETTKQDLRDNFATLTLGSGGAAMLLTHECLSRSGHRLNGVVTLAATQYNHLCLGQPDYMKTDAGALMHAGVELATATWRLAQETLPNWSDRQIALYAPHQVGARHMAAVTKALGITPSKLFLNFPTLGNIGPAALPISLAQAVEAGRLRPGDHVGLLGIGSGLNCSMMSVTW,326427.4.peg.556_Chloroflexus_thermophile,Thermophilic,55,NA,NA,NA,pt20
575540.3.peg.2557_Isosphaera_thermophile,MRYSRVFVDAIGYELPPIVVSSDDLEERLAPVLSALRIPRGQLKAWTGIVERRWWEEGFPLAQGAIQAARRALEASRVRPHEIEAVIYGGVSRELFEPATACQVAADLGVADHAVVHDVSNACLGVLTGMVEIANRIELGQIRAGIVVSCESAREINEITIEELLAHVHDLERFKEGVATLTGGSGAAAVVLTDGSFGPEPGRRLLGGVTRTAPQFHALCRWGIEAVLTPAARCFRQFMSTDSLAVLKHGADLGFRTWGAFLRKLGWSQELIDKIICHQVGQSHRDAILRALGIAPEKDFPTYPYLGNIGTVSLPLTAALAEERGFLKPGDRVGWLGIASGLNCMMLGLEW,575540.3.peg.2557_Isosphaera_thermophile,Thermophilic,41,NA,NA,NA,pt20
KJAEJPNA_02951_Proteobacteria_NA_HK1_marine,LQYSRVHIDALGYELAPIVVGSDELEDRLSPVYKKLRIAPGQLEALTGIAERRWWEDGYTITEGAAAAANKALANAGLTGSDVDVLIYAGVCREHFEPATACAVGDAIGISQDAYVYDVSNACLGVLNGIIDIANRIELKQVRCGMVVACESAREIVGIAINRMLADPSMETFRDSIATLTGGSGAAAVILTDNSFSKPARRKLLGAAHKAAPEHHRLCRWGVTPGPGGLSDLILSPQRLESALEQLMAPETIPSVVRELLSDERLPRVFTRMLPAEKLPLVLTQFMSTDSVAVLRHGVELGVRTWGSFLKNMGWAKDHVDKVICHQVGAGHRDTILKELGIPPEKEYPTYPYLGNMGTVSLPLTAALAEQRQFLRTGDRVGFLGIGSGLNCLMLGFQW,KJAEJPNA_02951_Proteobacteria_NA_HK1_marine,Mesophilic,27.558763,NA,NA,NA,tara
HBIFKGPJ_00817_Verrucomicrobiota_MB11C04_MB11C04_marine,MSFSRVVIEKMAYALPPQVVTSEQLEQNLEPLYERLNLQVGRLELMTGIKERRFWESNHKASQASAEAGVKLLEEGNIDPRDVDLLIHSAVCRDRLEPATASYVHKLMGLGHNTQILDISNACLGFLNALILAGSMIEQGTINRAIIVAGENGKPLVDETIKLLNEANLDRKSIKPFFANLTIGAGAVAWSICRDENQMKTLPRLSQFANSTDTSHNQLCEGDQSMNGMLMQTDSEELLHAGVTVASNAWEKFLKTSRWNSQTPELVVTHQVGRAHQQAIEKALSYNPKKSFTTYELLGNCGSVSLPITFTLACEKNPAFLQVKSALLGIGSGLSSLMLALNN,HBIFKGPJ_00817_Verrucomicrobiota_MB11C04_MB11C04_marine,Mesophilic,30.12785,NA,NA,NA,tara
LEOFMAAP_01462_Desulfobacterota_UBA2156_UBA2156_marine,MRYSKVYIDSLGYELPPQVVTSEDLEKKLKPLYKALHFQKGQLEVLTGIHERRFWKPNYKMSEGAIRAARKVIEDSNISAEDIGILIYGGVCRDNAEPATACAVSHGLCLGTETQVYDISNACLGVLNGMVHVANAIELGQVRAGLVVACESSREIIDITTDRLVETKDINFLKNNIATLTGGSGSVAVLLTDQSLSSRGHRLLGGVARSANEHHKLCMWGMETEVSSQGTHFIETDSIEILKHGVTLGGKTFKTFQKTLNWLDNAPDKIICHQVGATHQRNILSAIKIPKEKDFTTFKYLGNIGSVSLPITAAIAAEREFLVKNDRVGFLGIGSGLNCLMLGIEW,LEOFMAAP_01462_Desulfobacterota_UBA2156_UBA2156_marine,Psychrophilic,11.984006,NA,NA,NA,tara
EHFHOKCJ_02025_Acidobacteriota_UBA8438_UBA8438_marine,MRYSHVNIESIGYELAPHVVTSAALEDRLAPIYDALRLPTGQIAALTGVRERRFWDAGQRMSDAAAKAGRKALSAAGVAPDEIGMLVYGGVCRDNLEPATACATADALGIRGAAIVHDTCNACLGVMNAMFQVANAIELGQIQAGLVVSCESARQIVDLTIARMAAAPSMEVFKKSMATMTGGSGAIGIVLTRASRSAGGHRLVGGVVHAAPEHHALSHWGADPDDVSDGHSLVMETDAVGTLHHGVALGTDAFQAFVSELDWPGGPDRVICHQVGAPHRAAILSAMDIPVERDFSTFEHLGNIGTVSIPITAAIADERGELQRGQRVGFFGIGSGLNCLLLGLEW,EHFHOKCJ_02025_Acidobacteriota_UBA8438_UBA8438_marine,Psychrophilic,7.32145,NA,NA,NA,tara
BOCAEBNK_01452_Planctomycetota_Pirellulaceae_UBA11883_marine,MQYTNVNLEALGYTLPPNSISTSELEAELAPVYQRLSLPEGRLELMTGISARRYWDSDTLPGDKSIESGNSAIQDSGIDRNSIGMLVHGSVCRDHLEPATAARVHHELGLSADCHIYDVSNACLGQLNGIIQAANAIELGQIQAALIVGTEDSRHLMHSTINHLNTDLSITRSSIKNTIASLTIGSASSAILLTHRSISTHDNPIVAAAAQSDSRHHKLCHSGRDEAVSDGMHPLMNTDSETLMHEGIQTGVRTFEQFLNRSKWRRDEISRSYCHQVGSAHRKLMLDSLGLPLDRDFTTFQWLGNTGSAALPVTLAIGIEQQAINESEKIAMLGIGSGINCLMIAAQLSSVAVGTNTPAADIMSQMS,BOCAEBNK_01452_Planctomycetota_Pirellulaceae_UBA11883_marine,Mesophilic,21.16596,NA,NA,NA,tara
LNBHEIKM_01765_Verrucomicrobiota_Opitutaceae_UBA5691_marine,VRIQSTVIDSIAYVSPPSVWSSEYIEKKLGPLYERLRLPEGRLRLMTGIRERRFWDHLIRPSEASAEAGREALKRSGIAAEAIEVCIHCSVSRDMLEPASASFAHRLMGLSPKTQVFDVSNACLGFLNSLTILSAMIDSGQVRSGIVVSGENGRPLLERTIQLLLEGDFDRKTIKPYFANLTIGAGAVAAVVCHESMSPSGHRLLGGAYLADTTNNDLCQGDSNAEGLGYEMQTDSEEMLYAGVNLAERTWELFRSELNWKTKTVDRVVCHQVGSAHQKLLFETLGLDTDRDYSTFAEYGNTGSAALPLTLAKAAADGFINKGDKVGLLGIGSGLNCLMLGVEW,LNBHEIKM_01765_Verrucomicrobiota_Opitutaceae_UBA5691_marine,Mesophilic,21.16596,NA,NA,NA,tara
MDAOOEFB_04742_Myxococcota_UBA6777_UBA6777_marine,MRYNKVYIESIGYELAPHVVGSDDIEEQLAPLYKKLHIPEGQLEAWTGIEERRFWDIQHTMAEHAAVAGKDALERAGVEASQIEMLIYGGVCRDNLEPATACAVADAVGIPQAAQIFDVSNACLGVLTGVLQVANAIELGQIKAGLVVSCESSRQIVEATIQELLEKSDMDTLRTSIATLTGGSGAVGVVVTHESITKGGHKLVGGIVKNASEHHELCRWGPDSGIPATRPMVMETDALGVLKYGVILGAQTYRAFREELGWELPDKVICHQVGSAHQEQILKTLEIPAGRDFTTYEYLGNMGTVALPLTASIADERGFLQSGDKVGFLGIGSGLNCLMLGLEW,MDAOOEFB_04742_Myxococcota_UBA6777_UBA6777_marine,Mesophilic,26.218438,NA,NA,NA,tara
KMMHOJIE_01354_UBP17_UBA6191_UBA6191_marine,MMYSNVYVGGMGYEIPRNVLKTEIMEKQLAPVYGQLNIGPGKLQMMTGLKQRRFWNDNLRPSEAATKAAIRALEQSPISTDQIGALVNCSVCRDYLEPSTATIIAKSLKLKSDTILFDVSNACLGFATGLSVVSNMIELGQIEAGIVVSAEAASEVVENTIKTLVENPSEELLLASIPSLTLGSGSVAYILCKKDIAPRGLQFEGGISLNDSQQSNLCLWGPDTGFPSQTNHTMVTDGKTLLDKGTKLAAQTWSKFTKLTGHSKSSMDVIFSHQVGILHRNVVFEALGLDVSKDFTTFEYLGNTGSVAMPITMAIGIEKGAFEPGQRAVLMGIGSGLVCTMYSVRWEAGA,KMMHOJIE_01354_UBP17_UBA6191_UBA6191_marine,Mesophilic,26.572419,NA,NA,NA,tara
DFCJGBFB_01261_Planctomycetota_Planctomycetaceae_Fuerstia_marine,MRYEHVCVEAVVHNPPPEVVTSEQIEDHLAPVYERLRLPAGRLELMTGIEERRFYQVGTLPGSISQQTVKMAVEQSGVAADEFGALLHGSVCRDRMEPATATGVHAASGLPDQCVVMDVSNACLGLLNGMLLIADMIELGRIRAGVIVGTETGRGLVEGTIHSLLHDETLTRQSIKAAFASLTIGSGSAAVVLTHQQISKTNHRLLGGAVRSDTAHHELCAGDVDIQDGRPRMNTDSEALLHAGIALAEKTWAEARSELGWSNSDVDRIYTHQVGRQHRKLLVERLELDPQRDYPTVERFGNTGAVALPMAMAMGLQDDPPAKGTKLALLGIGSGLNSVMLGIECG,DFCJGBFB_01261_Planctomycetota_Planctomycetaceae_Fuerstia_marine,Mesophilic,24.81397,NA,NA,NA,tara
GCDEAADJ_01881_Planctomycetota_Pirellulaceae_UBA721_marine,MRYKNVVIESLGYTLPPVIVSTDALEQELQPAYQRMRLPEGRLELMTGIRERRFWEPGTLPGDKSIESGQQAIAVADIDPQKIGMLIHGSVCRDHLEPATACRVHHALGLRRDCTIYDLSNACLGQLNGIAMAANAIELGQIEAALIVGTEDSRPLVENTVRSLNQDHVWTRKTVKMAVASLTIGSASSAILLTSRAISQTDNLLHAVTAQANTEFHNLCQSGKDEAVGEEMRPLMHTDSERLMAEGIAMGKMTFEQFLKDTQWQRGDLHRSFCHQVGAAHRKLMLESLQLPEANDFTTFQWLGNTGSAALPVTLAVGLEQGFVEPQENVGLLGIGSGINCLMVGVSFNEVRVGTQTPG,GCDEAADJ_01881_Planctomycetota_Pirellulaceae_UBA721_marine,Mesophilic,24.661385,NA,NA,NA,tara
GPLNKHOO_02694_Proteobacteria_Alteromonadaceae_Colwellia_marine,MKYSRVFINSLAYELAPEVVTSAELESRLTPLYQKFRIPMGQLNALTGIEERRWWPADHMLSDGAIVAAQKAMTETGIDVADIGAVVYTGVCRDQHEPATACRIAAKLGVLKNTAIYDISNACLGVLSGILDIANRIELGQIKAGLVVSCESARHIVDVTIDDMLADPSMQNYARSLATLTGGSGAVAVLLTDGTLNLDTDRNHQLLGASHLSAPEHNNLCQWGLKKVGPQLFREFMRTDAVSLLKEGVSLAKDTWEHFLEQREWVEENVDKVICHQVGAANQKKVLTALNIPAVKEFPTFKHLGNMGTVSLPVTAAMAHDQGFLQKGDNVSFLGIGSGLNCMMLGLKW,GPLNKHOO_02694_Proteobacteria_Alteromonadaceae_Colwellia_marine,Psychrophilic,0.456763,NA,NA,NA,tara
DEBJIJGM_01967_Planctomycetota_Pirellulaceae_SAT2750_marine,MQFQRVRLASIGYTLPQEVLSSDWIENQLAPLYTRLGLPPGRLELMTGISQRRQWPAGTMPSERSAESGNRALAVGGIPPEKVDLLIHGSVCRDYLEPATASRVHHLLGLGADCHLYDVSNACLGLLNAMVQAAAMIETGQVRAALVVGTEESRYLLETTIQMLNNDSSLTRQDIKLTLASLTIGSGSAALLLAHEDLAPQASPLLSATAFASTEHHELCQSIQDEAVSEQMQPLMHTDSEALMREGIRTGQQTFERFLAQSGWSAGDIDRTICHQVGGAHRTSLLETLQLDEANDFASFPWLGNTGSVALPITLAVAAEQQFLQPDQKLALMGIGSGINCLMLGARWGETPVAGNSELIGHQAEPPPVTSSISR,DEBJIJGM_01967_Planctomycetota_Pirellulaceae_SAT2750_marine,Psychrophilic,0.456763,NA,NA,NA,tara
JICLLOGD_01998_Verrucomicrobiota_Opitutaceae_UBA5691_marine,VHIKSTVIDSLAHVVPPEVWTSTDIEEKLKPLYDRLHLPEGRLELMTGIRERRFWNHAIRPSEASAEAGIKALEKSKIPPDKIEVCLHCSVSRDMLEPATASFAHRLMGLSPNVQVMDVSNACLGFLNSLTLLSAMIDSGQVRSGIVVSGENGKPLLERTIQLLLERKLTRKTIKPYFANLTIGAGAVAAVVCHESLSPNGHRLLGGVCLADTSNNDLCQGDSNAEGFGYEMQTDSEEMLHAGVSLARRTWESLKSELNWQNDDADRVICHQVGSAHQKLLFDTLGLDLKKAYSSFQTCGNTGSAALPITLAKAEEGGFVKKGDLVAMLGIGSGLNCLMLGAEW,JICLLOGD_01998_Verrucomicrobiota_Opitutaceae_UBA5691_marine,Mesophilic,24.958885,NA,NA,NA,tara
KBIHHBEC_00076_Planctomycetota_NA_Brocadiae_marine,MKYSRVYLDTIGYELAPVVVTSEELEARLQPLYEALHIPSGQLEAITGIYERRWWEPDYSLSRGATLAAQKAIEISSVRPQDVDVLIYAGVCRENFEPATACSVAAGLGVNSSAAIYDVSNACLGVMNGIINIANQIELGQIRAGMVVSCETAREINDTMIQRMLEAQDMELFKLALATLTGGSGAAAVLLTDRELSGLDRHRLLGGVTQAAPEHHGLCRWGIDQVHDFNFVQSMSTDSVSILKFGVELGVKSWRALLTEIGWTADDVDKVICHQVGSGHRDTILEMLNIPIEKDFSTYEYLGNIGTVSLPLTAALAEEREFLQPGDRVGFLGIGSGLNCLMLGLEW,KBIHHBEC_00076_Planctomycetota_NA_Brocadiae_marine,Psychrophilic,7.96837,NA,NA,NA,tara
IGJJDNCB_00140_Nitrospinota_Nitrospinaceae_UBA8687_marine,MRFKNVCIEGLGYHLPENRITSTDLEKRLSPLYKKLKLPQGRLELMSGIQERRFWDKGVFPSEVATIAGKKAIDHSGIDIKDIGCLISASVCRDFLEPSTASLVHNNLGLPKESFVFDVSNACLGVLNGMCIIANMIERDQIKAGLVVSGENGGPLVNNTIETLLARTDVTRNNVKSSFASLTIGSAAAGILLVKSSLSKNKHQLMGGISIAETSFNHLCRGNGDAGFDQAPLMETDSEKLMLEGCRLAGRTWGRTREILGWNNEDVSRVFCHQVGKGHRKLMYENVGLDIEKDFSTLEFLGNTGSASLPVTFAIGVEKCPLKKGDKAALLGIGSGLNCLMMGVEW,IGJJDNCB_00140_Nitrospinota_Nitrospinaceae_UBA8687_marine,Mesophilic,23.681605,NA,NA,NA,tara
CAPHBDKE_00217_Proteobacteria_UBA4486_UBA7359_marine,MKYSRVHMESIGYELPPVVITSEDLEQRLMPMYDALHIAPGQLESLTGIYERRWWEKGHILSDGAASAAKKALEQSNVEAKDIEALVYTGVCRENFEPATACAVAAQLGISDDANIYDISNACLGVMNGIIDIANRIELKQIRAGMVVSCETSREIVEIMIERMLKDKTIDMFSSSLATLTGGSGAAAVLLTDGSFDNKETHRLLGGANQSAPEHHKLCRWGVSISPVAIGEFVFSPDKLLAAIDQIMKPDVIPSVVKEVMSSDKLPPALSSVLPKEKLPAALSEFMSTDSVSVLKHGAILGVKTWGSFLMKMGWARDQVDKVICHQVGEGHRDTILKELGIAPEKDFSTYKYLGNIGTVSVPLTAAIADQRQFLKKGDRVSFLGIGSGLNCLMLGWEW,CAPHBDKE_00217_Proteobacteria_UBA4486_UBA7359_marine,Psychrophilic,13.993715,NA,NA,NA,tara
AGKJGFPI_02100_Gemmatimonadota_UBA6960_UBA822_marine,LRYTRVVIERFGYELAPCVVTSDELENRLAAVYQKLHVQPGQLFQMTGIQERRYWEPGYSVSQGATAAAEHALSDSSVPANALDMLIYAGVCREHFEPATACHVAAGLKRVGHNIKESAHVYDVSNACLGVLNGVLDIANRIELGQIRAGMVVSCETARNIVDTTIARLTNNPIMEEFKAAIATLTGGSAAVAVILSDGSFGESDRRRLRGAVVENAPEHHMLCRWGLEAHPVGQANGTEAVLREFASTDAAAVLEHGVALGSRTWDKFLTEMEWSVENVDRTVCHQVGSAHRDVMLRTMGLSPEQDFVTYEYLGNTGTAALPVAAALAHERGFLAPGQRVGLLGIGSGLNCMMLGVDW,AGKJGFPI_02100_Gemmatimonadota_UBA6960_UBA822_marine,Psychrophilic,8.887131,NA,NA,NA,tara
COMALLLH_01633_Proteobacteria_Alteromonadaceae_Colwellia_marine,MKYTRVFINSLAYELAPEVITSNALESRLAPLYQKYRIPMGQLAALTGITERRWWPKEHILSDGALAAAEKAIKETGISVSDLGAVVYTGVCRDQHEPATACRIAAKLGVSKETAIYDISNACLGALSGILDIANRIELGQIKAGLVVSCESARHIVDVTIDDMLADPSMQNYAQSLATLTGGSGAVAILLTDGSFDLTTDRNHQLLGASHLSAPEHNGLCQWGLKEVGPQLFREFMRTDAVTLLKEGVSLAKDTWEHFLEQRDWMTEQVDKVICHQVGAANQKQVLTALGIPTYKEYPTYQLLGNMGTVSLPVTAAMAHDQGFLKTGDNVSFLGIGSGLNCMMLGLKW,COMALLLH_01633_Proteobacteria_Alteromonadaceae_Colwellia_marine,Psychrophilic,-0.160312,NA,NA,NA,tara
EOFIDKNB_01110_Gemmatimonadota_UBA6960_UBA1138_marine,MKYSKVHLEAIGYELAPVVVTSDELEERLEPLYKKLHIPQGSLETLTGIAERRWWEPKHSLSGSAAAAAKRALARTGVPAEALETVVYAGVCRENFEPATACAVAVELGVKGAVSVYDISNACLGILNGIHEIANRIELGQIRAGIVVSAETAREIVDVTIERMLSDATMAAYTGGLATLTGGSGAVAVLITDGSFDNDGTHRVLGGAQRAAPEHNDLCRWGLADAPTLHDTEPLRQWMYTDAASVLQHGVTLANKTWQDFLGQMAWDPDQVDRVICHQVGTVHRDTILGSIGIDRKRDFSTFPYLGNIGTVSLPLTAALAAEREAMVQGDRVAFLGIGSGLNCMMIGVEW,EOFIDKNB_01110_Gemmatimonadota_UBA6960_UBA1138_marine,Psychrophilic,1.47689,NA,NA,NA,tara
JNICHHHL_03707_Verrucomicrobiota_Akkermansiaceae_Akkermansiaceae_marine,VVVTSEELEGRLAPMLRKLHVADGQLEHLTGILERRWWTPDTPVSQGATAAAKKVLAISGVPIAEIGSLIYAGVCRELYEPATACRVADGLGVNNSTAVYDLSNACLGVLNGILDVANRIELGQIRAGLVVSCESAREINDVMIERMLQMEDIKLFTLALATLTGGSGAVAVLLTDGSFNDNQGHRLLGAATHVAPEHHALCRWGIEKENGVHRPFMSTDSAAVLKHGVKLGKETWDSFLTKMDWSVDDIDRVICHQVGSGHQDSILKTFSLTPDKDFTTYEHLGNMGTVSLPVTAAMADERGVLKRGDNVSFLGIGSGLNCMMLGLKW,JNICHHHL_03707_Verrucomicrobiota_Akkermansiaceae_Akkermansiaceae_marine,Psychrophilic,1.47689,NA,NA,NA,tara
PPJKJBEN_01083_Proteobacteria_Alteromonadaceae_Alteromonadaceae_marine,MKYTRVFINSLAYELAPEVITSSALESRLAPLYQKYRIPMGQLAALTGIVERRWWPKEHILSDGALAAAEKTIKETGISVSDLGAVIYTGVCRDQHEPATACRIAAKLGVSKETAIYDISNACLGALSGILDIANRIELGQIKAGLVVSCESARHIVDVTIDDMLADPSMQNYAQSLATLTGGSGAVAILLTDGSLDLTTDRNHQLLGASHLSAPEHNSLCQWGLKEVGPQLFREFMRTNAVTLLKEGVSLAKDTWEHFLEQRDWMTEHVDKVICHQVGAANQKQVLTALGIPTYKEYPTYQLLGNMGTVSLPVTAAMAHDQGFLKTGDNVSFLGIGSGLNCMMLGLKW,PPJKJBEN_01083_Proteobacteria_Alteromonadaceae_Alteromonadaceae_marine,Psychrophilic,-1.649738,NA,NA,NA,tara
OILHCALI_01638_Verrucomicrobiota_Opitutaceae_UBA6669_marine,MKFEHTVIESIAVALPDDVLTSAQIEQRLAPLYERLKLPEGRLELMTGIKERRVWPTGTRPSDASAAAGRKVLTQSRLAAEHVELFIHAAVSRDMLEPATASFAHHKIGLPRTAQIYDVSNACLGFLNALTIAASMIESGQIKCALVCSGENGGPLVENTLNTLLEKPLSRQDIKPYFANLTIGSGAVAAVVCHDSLAPDGHRLVGGMARAATECSALCQGDTHGADSLAMQTDSEALLVAGVALAQETWTDFVKEVGWSRDEFTRFICHQVGSTHRRKLYEALELDLAKDFSTFETLGNTGSVALPATLATAADTGAIKHGDRVGLLGIGSGLNCLMLAVDW,OILHCALI_01638_Verrucomicrobiota_Opitutaceae_UBA6669_marine,Psychrophilic,2.5694,NA,NA,NA,tara
GMOMBGHN_01628_Proteobacteria_Alteromonadaceae_Colwellia_marine,MKYTRVFINSLAYELAPHVVTSIELESRLAPLYQKYHIPMGQLTALTGIEERRWWPKGHVLSDGAIIAAKKAIDETGIDIAELGAVVYTGVCRDQHEPATACRIAGALGVSNQTAIYDISNACLGVLSGILDIANRIELGQIKAGLVVSCESARHIVDVTIEDMLAEPTMQNYAQSLATLTGGSGATAVLITDGSFDLKTERNHQLLGASHLSAPEHNNLCQWGLKEVGPQLYREFMRTDAVTLLKEGVMLAKDTWTHFLDQRDWVIEQVDKVICHQVGAANQKQVLTALNIPPEKEFPTFKNLGNMGTVSLPVTAAMAHNDGFLKKGDNVSFLGIGSGLNCMMLGFKW,GMOMBGHN_01628_Proteobacteria_Alteromonadaceae_Colwellia_marine,Psychrophilic,1.230869,NA,NA,NA,tara
