label,fullnam,aa_seq,ole_a,mag_internal_id,antismash_output,ole_b,ole_c,ole_d,product_pufa,number_bg_cs,gtdb_taxonomy,check_m_contamination,check_m_strain_heterogeneity,check_m_completeness,genome_size,number_predicted_genes,coding_density,gc_content,phylum,class,order,family,genus,lowest_tax_grp,temperature,polar,depth_m,ocean_region,salinity,ammonium_5m,iron_5m,alkalinity_total,layer,chlorophyll_a,co3,hco3,par_pc,density,si,po4,lyapunov,no2,oxygen,depth_min_o2,depth_max_o2,no2no3,nitracline,brunt_vaisala,okubo_weiss,lat,lon,lat_jitter,lon_jitter,newnams,to_synthesize,genome_x,ole_a_locus,ole_c_locus,ole_d_locus,ole_a_patric,ole_c_patric,ole_d_patric,isolation_source,temperature_range,temperature_definition,optimal_temperature,incubation_temperature,isolation_temperature,lat_long,location_notes,other_comments,article,nams
BANHCEAM_01906_Planctomycetota_Ga0077529_UBA11888_marine,BANHCEAM_01906 | fabH2 | 3-oxoacyl-[acyl-carrier-protein] synthase 3 protein 2 | 4773:5801 Forward,MQYQRAYLESFGYTLPKEIVSTDELEQRLAPVYERLRLPHGRLELMTGIQTRRFFPPHTSPSSKSILSGEKAIQASGIDRKHIGALVHGSVCRDFLEPATACGVHHGLKLSSDCLIHDASNACLGLLSGLIQVANMIELGQIRAGLVVGTECGRQLVENTIERLNTDSSLTRQDIKHLIASLTIGSGSVAMLLCNDELTQTGNRVTAASYLAHTDQHQLCQSEGLQSFMHTDSEQLMHEGVATGAETFAKFLTETGWPPEKIDKTVCHQVGVAQRKLLFETLELNPKIDYTTLETLGNTGAAALPLTMALALENGHILPKDRVAMLGIGSGINCLMVGVLWN,BANHCEAM_01906,BANHCEAM,"<a href=""""https://sunagawalab.ethz.ch/share/MARINE_METABOLITES/MAGs_GO_antismash/MAGs_GO_metabat2.c2k.e500_cpl50_ctn10_antismash/ETHSEQ0000004078_metabat2_a610.c2k.e500.18_antismash/ETHSEQ0000004078_metabat2_a610.c2k.e500.18_antismash/"""" target=""""_blank"""">Antismash Output</a>",NA,BANHCEAM_02504,BANHCEAM_02628,0,5,d__Bacteria;p__Planctomycetota;c__Planctomycetes;o__Pirellulales;f__Ga0077529;g__UBA11888;s__UBA11888 sp002713555,0.031,0.5,0.9419,3846616,3372,0.842117851,0.507600556,Planctomycetota,Planctomycetes,Pirellulales,Ga0077529,UBA11888,UBA11888,NA,NA,NA,NA,NA,NA,NA,NA,NA,NA,NA,NA,NA,NA,NA,NA,NA,NA,NA,NA,NA,NA,NA,NA,NA,NA,NA,NA,NA,BANHCEAM_01906_Planctomycetota_Ga0077529_UBA11888_marine,NA,NA,NA,NA,NA,NA,NA,NA,NA,NA,NA,NA,NA,NA,NA,NA,NA,NA,BANHCEAM_01906_Planctomycetota_Ga0077529_UBA11888_marine
KJAEJPNA_02951_Proteobacteria_NA_HK1_marine,KJAEJPNA_02951 | KJAEJPNA_02951 | hypothetical protein | 138:1337 Reverse,LQYSRVHIDALGYELAPIVVGSDELEDRLSPVYKKLRIAPGQLEALTGIAERRWWEDGYTITEGAAAAANKALANAGLTGSDVDVLIYAGVCREHFEPATACAVGDAIGISQDAYVYDVSNACLGVLNGIIDIANRIELKQVRCGMVVACESAREIVGIAINRMLADPSMETFRDSIATLTGGSGAAAVILTDNSFSKPARRKLLGAAHKAAPEHHRLCRWGVTPGPGGLSDLILSPQRLESALEQLMAPETIPSVVRELLSDERLPRVFTRMLPAEKLPLVLTQFMSTDSVAVLRHGVELGVRTWGSFLKNMGWAKDHVDKVICHQVGAGHRDTILKELGIPPEKEYPTYPYLGNMGTVSLPLTAALAEQRQFLRTGDRVGFLGIGSGLNCLMLGFQW,KJAEJPNA_02951,KJAEJPNA,"<a href=""""https://sunagawalab.ethz.ch/share/MARINE_METABOLITES/MAGs_GO_antismash/MAGs_GO_metabat2.c2k.e500_cpl50_ctn10_antismash/TARA_B100000029_METAG_metabat2_a180.c2k.e500.71_antismash/TARA_B100000029_METAG_metabat2_a180.c2k.e500.71_antismash/"""" target=""""_blank"""">Antismash Output</a>",KJAEJPNA_01928,KJAEJPNA_01927,KJAEJPNA_01926,0,3,d__Bacteria;p__Proteobacteria;c__Gammaproteobacteria;o__HK1;f__;g__;s__,0.0725,0.2258,0.6198,3598893,4012,0.928282947,0.609299774,Proteobacteria,Gammaproteobacteria,HK1,NA,NA,HK1,27.558763,non polar,60,[RS] Red Sea (MRGID:4264),38.895025,0.015265826,0.001387755,0.0052,DCM,0.14795,0.0471,0,NA,25.47435,1.3525,0.0885,0,0.269,175.509,244,13,0.635,150,81,0.007657,18.4417,39.8567,18.760224652983215,39.649777847937735,KJAEJPNA_02951_Proteobacteria_NA_HK1_marine,NA,NA,NA,NA,NA,NA,NA,NA,NA,Mesophilic,S,NA,NA,NA,NA,NA,NA,NA,KJAEJPNA_02951_Proteobacteria_NA_HK1_marine
HBIFKGPJ_00817_Verrucomicrobiota_MB11C04_MB11C04_marine,HBIFKGPJ_00817 | fabH_2 | 3-oxoacyl-[acyl-carrier-protein] synthase 3 | 1757:2788 Reverse,MSFSRVVIEKMAYALPPQVVTSEQLEQNLEPLYERLNLQVGRLELMTGIKERRFWESNHKASQASAEAGVKLLEEGNIDPRDVDLLIHSAVCRDRLEPATASYVHKLMGLGHNTQILDISNACLGFLNALILAGSMIEQGTINRAIIVAGENGKPLVDETIKLLNEANLDRKSIKPFFANLTIGAGAVAWSICRDENQMKTLPRLSQFANSTDTSHNQLCEGDQSMNGMLMQTDSEELLHAGVTVASNAWEKFLKTSRWNSQTPELVVTHQVGRAHQQAIEKALSYNPKKSFTTYELLGNCGSVSLPITFTLACEKNPAFLQVKSALLGIGSGLSSLMLALNN,HBIFKGPJ_00817,HBIFKGPJ,"<a href=""""https://sunagawalab.ethz.ch/share/MARINE_METABOLITES/MAGs_GO_antismash/MAGs_GO_metabat2.c2k.e500_cpl50_ctn10_antismash/TARA_B100000123_METAG_metabat2_a180.c2k.e500.117_antismash/TARA_B100000123_METAG_metabat2_a180.c2k.e500.117_antismash/"""" target=""""_blank"""">Antismash Output</a>",HBIFKGPJ_00816,HBIFKGPJ_00687,HBIFKGPJ_00490,0,2,d__Bacteria;p__Verrucomicrobiota;c__Verrucomicrobiae;o__Opitutales;f__MB11C04;g__MB11C04;s__MB11C04 sp002692535,0.0408,0.6667,0.8532,2163446,2145,0.950540943,0.425205917,Verrucomicrobiota,Verrucomicrobiae,Opitutales,MB11C04,MB11C04,MB11C04,30.12785,non polar,5,[IO] Indian Ocean (MRGID:1904),34.56775,0.015891551,0.001387698,0,SRF,0.080016,8.5e-4,0,NA,21.358942,2.171,0.0765,NA,0.001,188.79575,184,44,0.022,85,102,0.15868,6.0001,73.8955,5.7993382432519525,73.985759946566,HBIFKGPJ_00817_Verrucomicrobiota_MB11C04_MB11C04_marine,NA,NA,NA,NA,NA,NA,NA,NA,NA,Mesophilic,S,NA,NA,NA,NA,NA,NA,NA,HBIFKGPJ_00817_Verrucomicrobiota_MB11C04_MB11C04_marine
LEOFMAAP_01462_Desulfobacterota_UBA2156_UBA2156_marine,LEOFMAAP_01462 | pqsD | Anthraniloyl-CoA anthraniloyltransferase | 53136:54176 Reverse,MRYSKVYIDSLGYELPPQVVTSEDLEKKLKPLYKALHFQKGQLEVLTGIHERRFWKPNYKMSEGAIRAARKVIEDSNISAEDIGILIYGGVCRDNAEPATACAVSHGLCLGTETQVYDISNACLGVLNGMVHVANAIELGQVRAGLVVACESSREIIDITTDRLVETKDINFLKNNIATLTGGSGSVAVLLTDQSLSSRGHRLLGGVARSANEHHKLCMWGMETEVSSQGTHFIETDSIEILKHGVTLGGKTFKTFQKTLNWLDNAPDKIICHQVGATHQRNILSAIKIPKEKDFTTFKYLGNIGSVSLPITAAIAAEREFLVKNDRVGFLGIGSGLNCLMLGIEW,LEOFMAAP_01462,LEOFMAAP,"<a href=""""https://sunagawalab.ethz.ch/share/MARINE_METABOLITES/MAGs_GO_antismash/MAGs_GO_metabat2.c2k.e500_cpl50_ctn10_antismash/TARA_B100000315_METAG_metabat2_a180.c2k.e500.207_antismash/TARA_B100000315_METAG_metabat2_a180.c2k.e500.207_antismash/"""" target=""""_blank"""">Antismash Output</a>",LEOFMAAP_01461,LEOFMAAP_01460,LEOFMAAP_01459,0,7,d__Bacteria;p__Desulfobacterota;c__Desulfobacteria;o__Desulfobacterales;f__UBA2156;g__UBA2156;s__UBA2156 sp002328165,0.0065,0,0.9645,2974621,2905,0.863200051,0.45681407,Desulfobacterota,Desulfobacteria,Desulfobacterales,UBA2156,UBA2156,UBA2156,11.984006,non polar,600,[IO] Indian Ocean (MRGID:1904),35.672725,0.028889008,0.001387737,0,MES,0.008026,0,0,NA,27.130513,NA,NA,0.06187,NA,2.81625,587,13,NA,95,30,-0.087532,20.8457,63.5851,20.857014149119607,63.30309884533604,LEOFMAAP_01462_Desulfobacterota_UBA2156_UBA2156_marine,NA,NA,NA,NA,NA,NA,NA,NA,NA,Psychrophilic,S,NA,NA,NA,NA,NA,NA,NA,LEOFMAAP_01462_Desulfobacterota_UBA2156_UBA2156_marine
EHFHOKCJ_02025_Acidobacteriota_UBA8438_UBA8438_marine,EHFHOKCJ_02025 | fabHB | 3-oxoacyl-[acyl-carrier-protein] synthase 3 protein 2 | 31:1071 Forward,MRYSHVNIESIGYELAPHVVTSAALEDRLAPIYDALRLPTGQIAALTGVRERRFWDAGQRMSDAAAKAGRKALSAAGVAPDEIGMLVYGGVCRDNLEPATACATADALGIRGAAIVHDTCNACLGVMNAMFQVANAIELGQIQAGLVVSCESARQIVDLTIARMAAAPSMEVFKKSMATMTGGSGAIGIVLTRASRSAGGHRLVGGVVHAAPEHHALSHWGADPDDVSDGHSLVMETDAVGTLHHGVALGTDAFQAFVSELDWPGGPDRVICHQVGAPHRAAILSAMDIPVERDFSTFEHLGNIGTVSIPITAAIADERGELQRGQRVGFFGIGSGLNCLLLGLEW,EHFHOKCJ_02025,EHFHOKCJ,"<a href=""""https://sunagawalab.ethz.ch/share/MARINE_METABOLITES/MAGs_GO_antismash/MAGs_GO_metabat2.c2k.e500_cpl50_ctn10_antismash/TARA_B100000470_METAG_metabat2_a180.c2k.e500.128_antismash/TARA_B100000470_METAG_metabat2_a180.c2k.e500.128_antismash/"""" target=""""_blank"""">Antismash Output</a>",EHFHOKCJ_02026,EHFHOKCJ_02027,EHFHOKCJ_02028,0,4,d__Bacteria;p__Acidobacteriota;c__Vicinamibacteria;o__Vicinamibacterales;f__UBA8438;g__UBA8438;s__UBA8438 sp002712885,0.0125,0.25,0.8348,3555719,3555,0.89829455,0.649503167,Acidobacteriota,Vicinamibacteria,Vicinamibacterales,UBA8438,UBA8438,UBA8438,7.32145,non polar,700,[SAO] South Atlantic Ocean (MRGID:1914),34.50494,0.015807986,3.68e-4,0,MES,0,0,0,NA,26.992205,12.08,1.529,0.120437,0.003,194.4342,758,21,22.08,NA,3,0.069036,-31.0198,4.6685,-30.80291323666345,4.86442897756943,EHFHOKCJ_02025_Acidobacteriota_UBA8438_UBA8438_marine,NA,NA,NA,NA,NA,NA,NA,NA,NA,Psychrophilic,S,NA,NA,NA,NA,NA,NA,NA,EHFHOKCJ_02025_Acidobacteriota_UBA8438_UBA8438_marine
BOCAEBNK_01452_Planctomycetota_Pirellulaceae_UBA11883_marine,BOCAEBNK_01452 | fabH_2 | 3-oxoacyl-[acyl-carrier-protein] synthase 3 | 53000:54103 Forward,MQYTNVNLEALGYTLPPNSISTSELEAELAPVYQRLSLPEGRLELMTGISARRYWDSDTLPGDKSIESGNSAIQDSGIDRNSIGMLVHGSVCRDHLEPATAARVHHELGLSADCHIYDVSNACLGQLNGIIQAANAIELGQIQAALIVGTEDSRHLMHSTINHLNTDLSITRSSIKNTIASLTIGSASSAILLTHRSISTHDNPIVAAAAQSDSRHHKLCHSGRDEAVSDGMHPLMNTDSETLMHEGIQTGVRTFEQFLNRSKWRRDEISRSYCHQVGSAHRKLMLDSLGLPLDRDFTTFQWLGNTGSAALPVTLAIGIEQQAINESEKIAMLGIGSGINCLMIAAQLSSVAVGTNTPAADIMSQMS,BOCAEBNK_01452,BOCAEBNK,"<a href=""""https://sunagawalab.ethz.ch/share/MARINE_METABOLITES/MAGs_GO_antismash/MAGs_GO_metabat2.c2k.e500_cpl50_ctn10_antismash/TARA_B100000519_METAG_metabat2_a180.c2k.e500.18_antismash/TARA_B100000519_METAG_metabat2_a180.c2k.e500.18_antismash/"""" target=""""_blank"""">Antismash Output</a>",BOCAEBNK_00599,BOCAEBNK_00642,BOCAEBNK_00641,0,3,d__Bacteria;p__Planctomycetota;c__Planctomycetes;o__Pirellulales;f__Pirellulaceae;g__UBA11883;s__UBA11883 sp002714565,0,0,0.9453,4773326,3558,0.903957115,0.487098985,Planctomycetota,Planctomycetes,Pirellulales,Pirellulaceae,UBA11883,UBA11883,21.16596,non polar,150,[SAO] South Atlantic Ocean (MRGID:1914),36.61951,0.011959192,7.77e-4,6e-4,DCM,0.103558,0.01715,0,NA,25.68731,0.712116,0.051522,0.027592,0.047654,200.32465,176,28,0,205,202,0.084131,-21.0292,-35.3498,-20.833456127742224,-35.44001976874232,BOCAEBNK_01452_Planctomycetota_Pirellulaceae_UBA11883_marine,NA,NA,NA,NA,NA,NA,NA,NA,NA,Mesophilic,S,NA,NA,NA,NA,NA,NA,NA,BOCAEBNK_01452_Planctomycetota_Pirellulaceae_UBA11883_marine
LNBHEIKM_01765_Verrucomicrobiota_Opitutaceae_UBA5691_marine,LNBHEIKM_01765 | fabH_1 | 3-oxoacyl-[acyl-carrier-protein] synthase 3 | 3726:4760 Forward,VRIQSTVIDSIAYVSPPSVWSSEYIEKKLGPLYERLRLPEGRLRLMTGIRERRFWDHLIRPSEASAEAGREALKRSGIAAEAIEVCIHCSVSRDMLEPASASFAHRLMGLSPKTQVFDVSNACLGFLNSLTILSAMIDSGQVRSGIVVSGENGRPLLERTIQLLLEGDFDRKTIKPYFANLTIGAGAVAAVVCHESMSPSGHRLLGGAYLADTTNNDLCQGDSNAEGLGYEMQTDSEEMLYAGVNLAERTWELFRSELNWKTKTVDRVVCHQVGSAHQKLLFETLGLDTDRDYSTFAEYGNTGSAALPLTLAKAAADGFINKGDKVGLLGIGSGLNCLMLGVEW,LNBHEIKM_01765,LNBHEIKM,"<a href=""""https://sunagawalab.ethz.ch/share/MARINE_METABOLITES/MAGs_GO_antismash/MAGs_GO_metabat2.c2k.e500_cpl50_ctn10_antismash/TARA_B100000519_METAG_metabat2_a180.c2k.e500.93_antismash/TARA_B100000519_METAG_metabat2_a180.c2k.e500.93_antismash/"""" target=""""_blank"""">Antismash Output</a>",LNBHEIKM_01766,LNBHEIKM_02102,LNBHEIKM_01337,0,1,d__Bacteria;p__Verrucomicrobiota;c__Verrucomicrobiae;o__Opitutales;f__Opitutaceae;g__UBA5691;s__UBA5691 sp002474325,0.0239,0.8,0.9155,3061005,2835,0.886340271,0.504164207,Verrucomicrobiota,Verrucomicrobiae,Opitutales,Opitutaceae,UBA5691,UBA5691,21.16596,non polar,150,[SAO] South Atlantic Ocean (MRGID:1914),36.61951,0.011959192,7.77e-4,6e-4,DCM,0.103558,0.01715,0,NA,25.68731,0.712116,0.051522,0.027592,0.047654,200.32465,176,28,0,205,202,0.084131,-21.0292,-35.3498,-20.643794803233906,-35.21813048959332,LNBHEIKM_01765_Verrucomicrobiota_Opitutaceae_UBA5691_marine,NA,NA,NA,NA,NA,NA,NA,NA,NA,Mesophilic,S,NA,NA,NA,NA,NA,NA,NA,LNBHEIKM_01765_Verrucomicrobiota_Opitutaceae_UBA5691_marine
MDAOOEFB_04742_Myxococcota_UBA6777_UBA6777_marine,MDAOOEFB_04742 | fabH_2 | 3-oxoacyl-[acyl-carrier-protein] synthase 3 | 41000:42034 Reverse,MRYNKVYIESIGYELAPHVVGSDDIEEQLAPLYKKLHIPEGQLEAWTGIEERRFWDIQHTMAEHAAVAGKDALERAGVEASQIEMLIYGGVCRDNLEPATACAVADAVGIPQAAQIFDVSNACLGVLTGVLQVANAIELGQIKAGLVVSCESSRQIVEATIQELLEKSDMDTLRTSIATLTGGSGAVGVVVTHESITKGGHKLVGGIVKNASEHHELCRWGPDSGIPATRPMVMETDALGVLKYGVILGAQTYRAFREELGWELPDKVICHQVGSAHQEQILKTLEIPAGRDFTTYEYLGNMGTVALPLTASIADERGFLQSGDKVGFLGIGSGLNCLMLGLEW,MDAOOEFB_04742,MDAOOEFB,"<a href=""""https://sunagawalab.ethz.ch/share/MARINE_METABOLITES/MAGs_GO_antismash/MAGs_GO_metabat2.c2k.e500_cpl50_ctn10_antismash/TARA_B100000609_METAG_metabat2_a180.c2k.e500.98_antismash/TARA_B100000609_METAG_metabat2_a180.c2k.e500.98_antismash/"""" target=""""_blank"""">Antismash Output</a>",MDAOOEFB_04741,MDAOOEFB_04740,MDAOOEFB_04739,0,17,d__Bacteria;p__Myxococcota;c__UBA6777;o__UBA6777;f__UBA6777;g__UBA6777;s__UBA6777 sp002731275,0.0846,0,0.9697,10592879,7719,0.889592716,0.511814631,Myxococcota,UBA6777,UBA6777,UBA6777,UBA6777,UBA6777,26.218438,non polar,5,[SPO] South Pacific Ocean (MRGID:1910),35.129025,0.032420254,3.35e-6,0.0015,SRF,0.25349,0.0127,0,NA,23.062688,2.668,0.53975,0.115437,0.2715,180.67375,483,14,5.0815,281,101,0.069092,3e-4,-153.6759,-0.2548433482237432,-153.26419215005993,MDAOOEFB_04742_Myxococcota_UBA6777_UBA6777_marine,NA,NA,NA,NA,NA,NA,NA,NA,NA,Mesophilic,S,NA,NA,NA,NA,NA,NA,NA,MDAOOEFB_04742_Myxococcota_UBA6777_UBA6777_marine
KMMHOJIE_01354_UBP17_UBA6191_UBA6191_marine,KMMHOJIE_01354 | fabH_2 | 3-oxoacyl-[acyl-carrier-protein] synthase 3 | 9007:10059 Reverse,MMYSNVYVGGMGYEIPRNVLKTEIMEKQLAPVYGQLNIGPGKLQMMTGLKQRRFWNDNLRPSEAATKAAIRALEQSPISTDQIGALVNCSVCRDYLEPSTATIIAKSLKLKSDTILFDVSNACLGFATGLSVVSNMIELGQIEAGIVVSAEAASEVVENTIKTLVENPSEELLLASIPSLTLGSGSVAYILCKKDIAPRGLQFEGGISLNDSQQSNLCLWGPDTGFPSQTNHTMVTDGKTLLDKGTKLAAQTWSKFTKLTGHSKSSMDVIFSHQVGILHRNVVFEALGLDVSKDFTTFEYLGNTGSVAMPITMAIGIEKGAFEPGQRAVLMGIGSGLVCTMYSVRWEAGA,KMMHOJIE_01354,KMMHOJIE,"<a href=""""https://sunagawalab.ethz.ch/share/MARINE_METABOLITES/MAGs_GO_antismash/MAGs_GO_metabat2.c2k.e500_cpl50_ctn10_antismash/TARA_B100000674_METAG_metabat2_a180.c2k.e500.173_antismash/TARA_B100000674_METAG_metabat2_a180.c2k.e500.173_antismash/"""" target=""""_blank"""">Antismash Output</a>",KMMHOJIE_01353,KMMHOJIE_01352,KMMHOJIE_01351,0,2,d__Bacteria;p__UBP17;c__UBA6191;o__UBA6191;f__UBA6191;g__;s__,0.0112,0,0.8744,3748609,3198,0.946900304,0.389474308,UBP17,UBA6191,UBA6191,UBA6191,NA,UBA6191,26.572419,non polar,5,[SPO] South Pacific Ocean (MRGID:1910),35.384031,0.023188621,2.46e-6,0.00937,SRF,0.261381,0.01821,0.00774,NA,23.143631,2.53325,0.63025,0.043603,0.1665,190.378187,286,13,6.2015,241,113,9.6e-5,-9.1504,-140.5216,-8.711672214610857,-140.69775984263944,KMMHOJIE_01354_UBP17_UBA6191_UBA6191_marine,NA,NA,NA,NA,NA,NA,NA,NA,NA,Mesophilic,S,NA,NA,NA,NA,NA,NA,NA,KMMHOJIE_01354_UBP17_UBA6191_UBA6191_marine
DFCJGBFB_01261_Planctomycetota_Planctomycetaceae_Fuerstia_marine,DFCJGBFB_01261 | DFCJGBFB_01261 | hypothetical protein | 524:1564 Reverse,MRYEHVCVEAVVHNPPPEVVTSEQIEDHLAPVYERLRLPAGRLELMTGIEERRFYQVGTLPGSISQQTVKMAVEQSGVAADEFGALLHGSVCRDRMEPATATGVHAASGLPDQCVVMDVSNACLGLLNGMLLIADMIELGRIRAGVIVGTETGRGLVEGTIHSLLHDETLTRQSIKAAFASLTIGSGSAAVVLTHQQISKTNHRLLGGAVRSDTAHHELCAGDVDIQDGRPRMNTDSEALLHAGIALAEKTWAEARSELGWSNSDVDRIYTHQVGRQHRKLLVERLELDPQRDYPTVERFGNTGAVALPMAMAMGLQDDPPAKGTKLALLGIGSGLNSVMLGIECG,DFCJGBFB_01261,DFCJGBFB,"<a href=""""https://sunagawalab.ethz.ch/share/MARINE_METABOLITES/MAGs_GO_antismash/MAGs_GO_metabat2.c2k.e500_cpl50_ctn10_antismash/TARA_B100000676_METAG_metabat2_a180.c2k.e500.91_antismash/TARA_B100000676_METAG_metabat2_a180.c2k.e500.91_antismash/"""" target=""""_blank"""">Antismash Output</a>",DFCJGBFB_03033,DFCJGBFB_02719,DFCJGBFB_02403,NA,NA,d__Bacteria;p__Planctomycetota;c__Planctomycetes;o__Planctomycetales;f__Planctomycetaceae;g__Fuerstia;s__,0.0017,0,0.6142,4420141,4245,0.884886251,0.554815978,Planctomycetota,Planctomycetes,Planctomycetales,Planctomycetaceae,Fuerstia,Fuerstia,24.81397,non polar,120,[SPO] South Pacific Ocean (MRGID:1910),35.907345,0.023188621,2.46e-6,0.00585,MIX,0.077051,0.00975,0,NA,24.092785,1.469,0.4885,0.043603,0.3535,172.42475,193,13,1.19925,145,111,9.6e-5,-9.0714,-140.5973,-9.498551879210677,-140.9116394869917,DFCJGBFB_01261_Planctomycetota_Planctomycetaceae_Fuerstia_marine,NA,NA,NA,NA,NA,NA,NA,NA,NA,Mesophilic,S,NA,NA,NA,NA,NA,NA,NA,DFCJGBFB_01261_Planctomycetota_Planctomycetaceae_Fuerstia_marine
GCDEAADJ_01881_Planctomycetota_Pirellulaceae_UBA721_marine,GCDEAADJ_01881 | fabH_3 | 3-oxoacyl-[acyl-carrier-protein] synthase 3 | 41858:42937 Forward,MRYKNVVIESLGYTLPPVIVSTDALEQELQPAYQRMRLPEGRLELMTGIRERRFWEPGTLPGDKSIESGQQAIAVADIDPQKIGMLIHGSVCRDHLEPATACRVHHALGLRRDCTIYDLSNACLGQLNGIAMAANAIELGQIEAALIVGTEDSRPLVENTVRSLNQDHVWTRKTVKMAVASLTIGSASSAILLTSRAISQTDNLLHAVTAQANTEFHNLCQSGKDEAVGEEMRPLMHTDSERLMAEGIAMGKMTFEQFLKDTQWQRGDLHRSFCHQVGAAHRKLMLESLQLPEANDFTTFQWLGNTGSAALPVTLAVGLEQGFVEPQENVGLLGIGSGINCLMVGVSFNEVRVGTQTPG,GCDEAADJ_01881,GCDEAADJ,"<a href=""""https://sunagawalab.ethz.ch/share/MARINE_METABOLITES/MAGs_GO_antismash/MAGs_GO_metabat2.c2k.e500_cpl50_ctn10_antismash/TARA_B100000700_METAG_metabat2_a180.c2k.e500.132_antismash/TARA_B100000700_METAG_metabat2_a180.c2k.e500.132_antismash/"""" target=""""_blank"""">Antismash Output</a>",GCDEAADJ_00769,GCDEAADJ_00813,GCDEAADJ_00811,0,3,d__Bacteria;p__Planctomycetota;c__Planctomycetes;o__Pirellulales;f__Pirellulaceae;g__UBA721;s__UBA721 sp002348315,0,0,0.9705,4547665,3416,0.899263028,0.490557919,Planctomycetota,Planctomycetes,Pirellulales,Pirellulaceae,UBA721,UBA721,24.661385,non polar,115,[SPO] South Pacific Ocean (MRGID:1910),36.101175,0.030111594,2.32e-6,0.0093,DCM,0.199886,0.0107,0,NA,24.284300000000002,1.907042,0.582933,0.028977,0.092792,178.3692,186,15,2.67775,131,109,0.007751,-9.0063,-139.1394,-8.785550800713958,-139.30928239317998,GCDEAADJ_01881_Planctomycetota_Pirellulaceae_UBA721_marine,NA,NA,NA,NA,NA,NA,NA,NA,NA,Mesophilic,S,NA,NA,NA,NA,NA,NA,NA,GCDEAADJ_01881_Planctomycetota_Pirellulaceae_UBA721_marine
GPLNKHOO_02694_Proteobacteria_Alteromonadaceae_Colwellia_marine,GPLNKHOO_02694 | pqsD | Anthraniloyl-CoA anthraniloyltransferase | 2165:3214 Forward,MKYSRVFINSLAYELAPEVVTSAELESRLTPLYQKFRIPMGQLNALTGIEERRWWPADHMLSDGAIVAAQKAMTETGIDVADIGAVVYTGVCRDQHEPATACRIAAKLGVLKNTAIYDISNACLGVLSGILDIANRIELGQIKAGLVVSCESARHIVDVTIDDMLADPSMQNYARSLATLTGGSGAVAVLLTDGTLNLDTDRNHQLLGASHLSAPEHNNLCQWGLKKVGPQLFREFMRTDAVSLLKEGVSLAKDTWEHFLEQREWVEENVDKVICHQVGAANQKKVLTALNIPAVKEFPTFKHLGNMGTVSLPVTAAMAHDQGFLQKGDNVSFLGIGSGLNCMMLGLKW,GPLNKHOO_02694,GPLNKHOO,"<a href=""""https://sunagawalab.ethz.ch/share/MARINE_METABOLITES/MAGs_GO_antismash/MAGs_GO_metabat2.c2k.e500_cpl50_ctn10_antismash/TARA_B100000809_METAG_metabat2_a180.c2k.e500.20_antismash/TARA_B100000809_METAG_metabat2_a180.c2k.e500.20_antismash/"""" target=""""_blank"""">Antismash Output</a>",GPLNKHOO_02695,GPLNKHOO_02696,GPLNKHOO_02697,1,4,d__Bacteria;p__Proteobacteria;c__Gammaproteobacteria;o__Enterobacterales;f__Alteromonadaceae;g__Colwellia;s__Colwellia sp003545415,0.016,0.9286,0.966,3665483,3187,0.806856832,0.365817625,Proteobacteria,Gammaproteobacteria,Enterobacterales,Alteromonadaceae,Colwellia,Colwellia,0.456763,polar,790,[SO] Southern Ocean (MRGID:1907),34.6802,0.007686064,4.51e-4,NA,MES,0,NA,NA,NA,27.8267,83.35,2.614,0.02576,0.018,203.7715,869,27,36.37,869,33,-0.012327,-61.9689,-49.5017,-61.8018061537344,-49.10942172741862,GPLNKHOO_02694_Proteobacteria_Alteromonadaceae_Colwellia_marine,NA,NA,NA,NA,NA,NA,NA,NA,NA,Psychrophilic,S,NA,NA,NA,NA,NA,NA,NA,GPLNKHOO_02694_Proteobacteria_Alteromonadaceae_Colwellia_marine
DEBJIJGM_01967_Planctomycetota_Pirellulaceae_SAT2750_marine,DEBJIJGM_01967 | fabH2 | 3-oxoacyl-[acyl-carrier-protein] synthase 3 protein 2 | 12341:13468 Forward,MQFQRVRLASIGYTLPQEVLSSDWIENQLAPLYTRLGLPPGRLELMTGISQRRQWPAGTMPSERSAESGNRALAVGGIPPEKVDLLIHGSVCRDYLEPATASRVHHLLGLGADCHLYDVSNACLGLLNAMVQAAAMIETGQVRAALVVGTEESRYLLETTIQMLNNDSSLTRQDIKLTLASLTIGSGSAALLLAHEDLAPQASPLLSATAFASTEHHELCQSIQDEAVSEQMQPLMHTDSEALMREGIRTGQQTFERFLAQSGWSAGDIDRTICHQVGGAHRTSLLETLQLDEANDFASFPWLGNTGSVALPITLAVAAEQQFLQPDQKLALMGIGSGINCLMLGARWGETPVAGNSELIGHQAEPPPVTSSISR,DEBJIJGM_01967,DEBJIJGM,"<a href=""""https://sunagawalab.ethz.ch/share/MARINE_METABOLITES/MAGs_GO_antismash/MAGs_GO_metabat2.c2k.e500_cpl50_ctn10_antismash/TARA_B100000809_METAG_metabat2_a180.c2k.e500.56_antismash/TARA_B100000809_METAG_metabat2_a180.c2k.e500.56_antismash/"""" target=""""_blank"""">Antismash Output</a>",DEBJIJGM_00693,DEBJIJGM_00675,DEBJIJGM_00674,0,2,d__Bacteria;p__Planctomycetota;c__Planctomycetes;o__Pirellulales;f__Pirellulaceae;g__SAT2750;s__SAT2750 sp002708345,0,0,0.975,4620459,3751,0.926670922,0.58247686,Planctomycetota,Planctomycetes,Pirellulales,Pirellulaceae,SAT2750,SAT2750,0.456763,polar,790,[SO] Southern Ocean (MRGID:1907),34.6802,0.007686064,4.51e-4,NA,MES,0,NA,NA,NA,27.8267,83.35,2.614,0.02576,0.018,203.7715,869,27,36.37,869,33,-0.012327,-61.9689,-49.5017,-61.83453335969169,-48.920589755415456,DEBJIJGM_01967_Planctomycetota_Pirellulaceae_SAT2750_marine,NA,NA,NA,NA,NA,NA,NA,NA,NA,Psychrophilic,S,NA,NA,NA,NA,NA,NA,NA,DEBJIJGM_01967_Planctomycetota_Pirellulaceae_SAT2750_marine
JICLLOGD_01998_Verrucomicrobiota_Opitutaceae_UBA5691_marine,JICLLOGD_01998 | fabH_1 | 3-oxoacyl-[acyl-carrier-protein] synthase 3 | 7344:8378 Reverse,VHIKSTVIDSLAHVVPPEVWTSTDIEEKLKPLYDRLHLPEGRLELMTGIRERRFWNHAIRPSEASAEAGIKALEKSKIPPDKIEVCLHCSVSRDMLEPATASFAHRLMGLSPNVQVMDVSNACLGFLNSLTLLSAMIDSGQVRSGIVVSGENGKPLLERTIQLLLERKLTRKTIKPYFANLTIGAGAVAAVVCHESLSPNGHRLLGGVCLADTSNNDLCQGDSNAEGFGYEMQTDSEEMLHAGVSLARRTWESLKSELNWQNDDADRVICHQVGSAHQKLLFDTLGLDLKKAYSSFQTCGNTGSAALPITLAKAEEGGFVKKGDLVAMLGIGSGLNCLMLGAEW,JICLLOGD_01998,JICLLOGD,"<a href=""""https://sunagawalab.ethz.ch/share/MARINE_METABOLITES/MAGs_GO_antismash/MAGs_GO_metabat2.c2k.e500_cpl50_ctn10_antismash/TARA_B100000900_METAG_metabat2_a180.c2k.e500.58_antismash/TARA_B100000900_METAG_metabat2_a180.c2k.e500.58_antismash/"""" target=""""_blank"""">Antismash Output</a>",JICLLOGD_01997,JICLLOGD_00191,JICLLOGD_00200,0,1,d__Bacteria;p__Verrucomicrobiota;c__Verrucomicrobiae;o__Opitutales;f__Opitutaceae;g__UBA5691;s__UBA5691 sp002420185,0.0273,0,0.9797,3227780,2977,0.851823854,0.486172421,Verrucomicrobiota,Verrucomicrobiae,Opitutales,Opitutaceae,UBA5691,UBA5691,24.958885,non polar,5,[SPO] South Pacific Ocean (MRGID:1910),34.764535,0.034300595,4.4e-6,0.0104,SRF,0.264409,0.00475,0,NA,23.176695,5.04425,1.02575,0.012324,0.3285,204.421,419,14,12.8225,32,34,0.043188,-5.2529,-85.1545,-5.612969714871652,-85.56981248485442,JICLLOGD_01998_Verrucomicrobiota_Opitutaceae_UBA5691_marine,NA,NA,NA,NA,NA,NA,NA,NA,NA,Mesophilic,S,NA,NA,NA,NA,NA,NA,NA,JICLLOGD_01998_Verrucomicrobiota_Opitutaceae_UBA5691_marine
KBIHHBEC_00076_Planctomycetota_NA_Brocadiae_marine,KBIHHBEC_00076 | fabHA | 3-oxoacyl-[acyl-carrier-protein] synthase 3 protein 1 | 39101:40144 Forward,MKYSRVYLDTIGYELAPVVVTSEELEARLQPLYEALHIPSGQLEAITGIYERRWWEPDYSLSRGATLAAQKAIEISSVRPQDVDVLIYAGVCRENFEPATACSVAAGLGVNSSAAIYDVSNACLGVMNGIINIANQIELGQIRAGMVVSCETAREINDTMIQRMLEAQDMELFKLALATLTGGSGAAAVLLTDRELSGLDRHRLLGGVTQAAPEHHGLCRWGIDQVHDFNFVQSMSTDSVSILKFGVELGVKSWRALLTEIGWTADDVDKVICHQVGSGHRDTILEMLNIPIEKDFSTYEYLGNIGTVSLPLTAALAEEREFLQPGDRVGFLGIGSGLNCLMLGLEW,KBIHHBEC_00076,KBIHHBEC,"<a href=""""https://sunagawalab.ethz.ch/share/MARINE_METABOLITES/MAGs_GO_antismash/MAGs_GO_metabat2.c2k.e500_cpl50_ctn10_antismash/TARA_B100001013_METAG_metabat2_a180.c2k.e500.87_antismash/TARA_B100001013_METAG_metabat2_a180.c2k.e500.87_antismash/"""" target=""""_blank"""">Antismash Output</a>",KBIHHBEC_00077,KBIHHBEC_00078,KBIHHBEC_00079,0,9,d__Bacteria;p__Planctomycetota;c__Brocadiae;o__;f__;g__;s__,0.0568,0.4,0.9646,8283900,6724,0.891534422,0.552438947,Planctomycetota,Brocadiae,NA,NA,NA,Brocadiae,7.96837,non polar,488,[SPO] South Pacific Ocean (MRGID:1910),34.3655,0.007986359,2.33e-4,0,MES,0,0,0,NA,26.78725,12.05,2.023,0.028784,0,154.6701,460,98,27.2885,411,72,-0.006839,-25.8076,-111.6906,-26.14046872536953,-111.38439599323858,KBIHHBEC_00076_Planctomycetota_NA_Brocadiae_marine,NA,NA,NA,NA,NA,NA,NA,NA,NA,Psychrophilic,S,NA,NA,NA,NA,NA,NA,NA,KBIHHBEC_00076_Planctomycetota_NA_Brocadiae_marine
IGJJDNCB_00140_Nitrospinota_Nitrospinaceae_UBA8687_marine,IGJJDNCB_00140 | fabH_1 | 3-oxoacyl-[acyl-carrier-protein] synthase 3 | 8249:9289 Reverse,MRFKNVCIEGLGYHLPENRITSTDLEKRLSPLYKKLKLPQGRLELMSGIQERRFWDKGVFPSEVATIAGKKAIDHSGIDIKDIGCLISASVCRDFLEPSTASLVHNNLGLPKESFVFDVSNACLGVLNGMCIIANMIERDQIKAGLVVSGENGGPLVNNTIETLLARTDVTRNNVKSSFASLTIGSAAAGILLVKSSLSKNKHQLMGGISIAETSFNHLCRGNGDAGFDQAPLMETDSEKLMLEGCRLAGRTWGRTREILGWNNEDVSRVFCHQVGKGHRKLMYENVGLDIEKDFSTLEFLGNTGSASLPVTFAIGVEKCPLKKGDKAALLGIGSGLNCLMMGVEW,IGJJDNCB_00140,IGJJDNCB,"<a href=""""https://sunagawalab.ethz.ch/share/MARINE_METABOLITES/MAGs_GO_antismash/MAGs_GO_metabat2.c2k.e500_cpl50_ctn10_antismash/TARA_B100001123_METAG_metabat2_a180.c2k.e500.367_antismash/TARA_B100001123_METAG_metabat2_a180.c2k.e500.367_antismash/"""" target=""""_blank"""">Antismash Output</a>",IGJJDNCB_00139,IGJJDNCB_01028,IGJJDNCB_00122,0,1,d__Bacteria;p__Nitrospinota;c__Nitrospinia;o__Nitrospinales;f__Nitrospinaceae;g__UBA8687;s__,0.0261,0,0.5147,1273339,1426,0.886127732,0.380570341,Nitrospinota,Nitrospinia,Nitrospinales,Nitrospinaceae,UBA8687,UBA8687,23.681605,non polar,140,[SPO] South Pacific Ocean (MRGID:1910),36.28145,0.01748565,2.36e-6,0,MIX,0,0.0025,0,NA,24.715135,1.24575,0.566,0.014455,0.05475,160.81445,242,29,3.47525,211,111,-0.004254,-8.8999,-142.5461,-8.591983514238295,-142.89307495489717,IGJJDNCB_00140_Nitrospinota_Nitrospinaceae_UBA8687_marine,NA,NA,NA,NA,NA,NA,NA,NA,NA,Mesophilic,S,NA,NA,NA,NA,NA,NA,NA,IGJJDNCB_00140_Nitrospinota_Nitrospinaceae_UBA8687_marine
CAPHBDKE_00217_Proteobacteria_UBA4486_UBA7359_marine,CAPHBDKE_00217 | CAPHBDKE_00217 | hypothetical protein | 37838:39037 Reverse,MKYSRVHMESIGYELPPVVITSEDLEQRLMPMYDALHIAPGQLESLTGIYERRWWEKGHILSDGAASAAKKALEQSNVEAKDIEALVYTGVCRENFEPATACAVAAQLGISDDANIYDISNACLGVMNGIIDIANRIELKQIRAGMVVSCETSREIVEIMIERMLKDKTIDMFSSSLATLTGGSGAAAVLLTDGSFDNKETHRLLGGANQSAPEHHKLCRWGVSISPVAIGEFVFSPDKLLAAIDQIMKPDVIPSVVKEVMSSDKLPPALSSVLPKEKLPAALSEFMSTDSVSVLKHGAILGVKTWGSFLMKMGWARDQVDKVICHQVGEGHRDTILKELGIAPEKDFSTYKYLGNIGTVSVPLTAAIADQRQFLKKGDRVSFLGIGSGLNCLMLGWEW,CAPHBDKE_00217,CAPHBDKE,"<a href=""""https://sunagawalab.ethz.ch/share/MARINE_METABOLITES/MAGs_GO_antismash/MAGs_GO_metabat2.c2k.e500_cpl50_ctn10_antismash/TARA_B100001142_METAG_metabat2_a180.c2k.e500.132_antismash/TARA_B100001142_METAG_metabat2_a180.c2k.e500.132_antismash/"""" target=""""_blank"""">Antismash Output</a>",CAPHBDKE_00215,CAPHBDKE_00214,CAPHBDKE_00213,0,6,d__Bacteria;p__Proteobacteria;c__Gammaproteobacteria;o__UBA4486;f__UBA4486;g__UBA7359;s__UBA7359 sp002470825,0.0083,0,0.8979,1865226,1840,0.889786546,0.37061407,Proteobacteria,Gammaproteobacteria,UBA4486,UBA4486,UBA7359,UBA7359,13.993715,non polar,5,[NAO] North Atlantic Ocean (MRGID:1912),35.12152,0.013130805,8.95e-4,0.0164,SRF,0.169817,0.0266,0,NA,26.282555,2.41425,0.33275,0.144593,0.093,236.78925,212,1026,3.7925,105,100,-0.044917,39.2305,-70.0377,39.16211996163095,-70.57351176526205,CAPHBDKE_00217_Proteobacteria_UBA4486_UBA7359_marine,NA,NA,NA,NA,NA,NA,NA,NA,NA,Psychrophilic,S,NA,NA,NA,NA,NA,NA,NA,CAPHBDKE_00217_Proteobacteria_UBA4486_UBA7359_marine
AGKJGFPI_02100_Gemmatimonadota_UBA6960_UBA822_marine,AGKJGFPI_02100 | pqsD | Anthraniloyl-CoA anthraniloyltransferase | 707:1786 Forward,LRYTRVVIERFGYELAPCVVTSDELENRLAAVYQKLHVQPGQLFQMTGIQERRYWEPGYSVSQGATAAAEHALSDSSVPANALDMLIYAGVCREHFEPATACHVAAGLKRVGHNIKESAHVYDVSNACLGVLNGVLDIANRIELGQIRAGMVVSCETARNIVDTTIARLTNNPIMEEFKAAIATLTGGSAAVAVILSDGSFGESDRRRLRGAVVENAPEHHMLCRWGLEAHPVGQANGTEAVLREFASTDAAAVLEHGVALGSRTWDKFLTEMEWSVENVDRTVCHQVGSAHRDVMLRTMGLSPEQDFVTYEYLGNTGTAALPVAAALAHERGFLAPGQRVGLLGIGSGLNCMMLGVDW,AGKJGFPI_02100,AGKJGFPI,"<a href=""""https://sunagawalab.ethz.ch/share/MARINE_METABOLITES/MAGs_GO_antismash/MAGs_GO_metabat2.c2k.e500_cpl50_ctn10_antismash/TARA_B100001971_METAG_metabat2_a180.c2k.e500.120_antismash/TARA_B100001971_METAG_metabat2_a180.c2k.e500.120_antismash/"""" target=""""_blank"""">Antismash Output</a>",AGKJGFPI_01059,AGKJGFPI_01060,AGKJGFPI_01061,0,1,d__Bacteria;p__Gemmatimonadota;c__Gemmatimonadetes;o__SG8-23;f__UBA6960;g__UBA822;s__UBA822 sp002731735,0.044,0.25,0.8209,2196609,2239,0.920651786,0.619821361,Gemmatimonadota,Gemmatimonadetes,SG8-23,UBA6960,UBA822,UBA822,8.887131,non polar,375,[NPO] North Pacific Ocean (MRGID:1908),34.5882,0.016200179,4.21e-6,0,MES,0,0,0,NA,26.820475,46.6245,2.9545,0.032361,0.0093,0.832313,351,14,34.551,40,40,0.075314999999999993,14.2025,-116.6433,13.925565843553725,-116.89470289341403,AGKJGFPI_02100_Gemmatimonadota_UBA6960_UBA822_marine,NA,NA,NA,NA,NA,NA,NA,NA,NA,Psychrophilic,S,NA,NA,NA,NA,NA,NA,NA,AGKJGFPI_02100_Gemmatimonadota_UBA6960_UBA822_marine
COMALLLH_01633_Proteobacteria_Alteromonadaceae_Colwellia_marine,COMALLLH_01633 | fabH | 3-oxoacyl-[acyl-carrier-protein] synthase 3 | 13173:14222 Forward,MKYTRVFINSLAYELAPEVITSNALESRLAPLYQKYRIPMGQLAALTGITERRWWPKEHILSDGALAAAEKAIKETGISVSDLGAVVYTGVCRDQHEPATACRIAAKLGVSKETAIYDISNACLGALSGILDIANRIELGQIKAGLVVSCESARHIVDVTIDDMLADPSMQNYAQSLATLTGGSGAVAILLTDGSFDLTTDRNHQLLGASHLSAPEHNGLCQWGLKEVGPQLFREFMRTDAVTLLKEGVSLAKDTWEHFLEQRDWMTEQVDKVICHQVGAANQKQVLTALGIPTYKEYPTYQLLGNMGTVSLPVTAAMAHDQGFLKTGDNVSFLGIGSGLNCMMLGLKW,COMALLLH_01633,COMALLLH,"<a href=""""https://sunagawalab.ethz.ch/share/MARINE_METABOLITES/MAGs_GO_antismash/MAGs_GO_metabat2.c2k.e500_cpl50_ctn10_antismash/TARA_B110000090_METAG_metabat2_a180.c2k.e500.84_antismash/TARA_B110000090_METAG_metabat2_a180.c2k.e500.84_antismash/"""" target=""""_blank"""">Antismash Output</a>",COMALLLH_01634,COMALLLH_01635,COMALLLH_01636,1,2,d__Bacteria;p__Proteobacteria;c__Gammaproteobacteria;o__Enterobacterales;f__Alteromonadaceae;g__Colwellia;s__,0.0128,0.1429,0.9265,2812049,2496,0.854249695,0.372912787,Proteobacteria,Gammaproteobacteria,Enterobacterales,Alteromonadaceae,Colwellia,Colwellia,-0.160312,polar,5,[AO] Arctic Ocean (MRGID:1906),33.613775,0.004081616,0.001215531,0.00325,SRF,0.417069,9.5e-4,0.0218,161.90166,26.994413,0.273079,0.056871,0,0.0015,385.28075,47,14,0.441,46,19,NA,78.9564,79.4201,79.03345320692245,79.91587950875753,COMALLLH_01633_Proteobacteria_Alteromonadaceae_Colwellia_marine,NA,NA,NA,NA,NA,NA,NA,NA,NA,Psychrophilic,S,NA,NA,NA,NA,NA,NA,NA,COMALLLH_01633_Proteobacteria_Alteromonadaceae_Colwellia_marine
EOFIDKNB_01110_Gemmatimonadota_UBA6960_UBA1138_marine,EOFIDKNB_01110 | pqsD | Anthraniloyl-CoA anthraniloyltransferase | 116:1171 Reverse,MKYSKVHLEAIGYELAPVVVTSDELEERLEPLYKKLHIPQGSLETLTGIAERRWWEPKHSLSGSAAAAAKRALARTGVPAEALETVVYAGVCRENFEPATACAVAVELGVKGAVSVYDISNACLGILNGIHEIANRIELGQIRAGIVVSAETAREIVDVTIERMLSDATMAAYTGGLATLTGGSGAVAVLITDGSFDNDGTHRVLGGAQRAAPEHNDLCRWGLADAPTLHDTEPLRQWMYTDAASVLQHGVTLANKTWQDFLGQMAWDPDQVDRVICHQVGTVHRDTILGSIGIDRKRDFSTFPYLGNIGTVSLPLTAALAAEREAMVQGDRVAFLGIGSGLNCMMIGVEW,EOFIDKNB_01110,EOFIDKNB,"<a href=""""https://sunagawalab.ethz.ch/share/MARINE_METABOLITES/MAGs_GO_antismash/MAGs_GO_metabat2.c2k.e500_cpl50_ctn10_antismash/TARA_B110000116_METAG_metabat2_a180.c2k.e500.158_antismash/TARA_B110000116_METAG_metabat2_a180.c2k.e500.158_antismash/"""" target=""""_blank"""">Antismash Output</a>",NA,EOFIDKNB_00762,EOFIDKNB_00761,0,1,d__Bacteria;p__Gemmatimonadota;c__Gemmatimonadetes;o__SG8-23;f__UBA6960;g__UBA1138;s__,0.0295,0.2,0.7177,2135776,2335,0.913223578,0.611541732,Gemmatimonadota,Gemmatimonadetes,SG8-23,UBA6960,UBA1138,UBA1138,1.47689,polar,199,[AO] Arctic Ocean (MRGID:1906),34.8814,5.89e-4,0.00109338,NA,MIX,0.008083,NA,NA,2.12e-4,27.91825,4.994604,0.730535,0,0.019,296.228,154,26,11.508,44,3,NA,79.2026,66.4827,79.65036580717238,65.16076660456129,EOFIDKNB_01110_Gemmatimonadota_UBA6960_UBA1138_marine,NA,NA,NA,NA,NA,NA,NA,NA,NA,Psychrophilic,S,NA,NA,NA,NA,NA,NA,NA,EOFIDKNB_01110_Gemmatimonadota_UBA6960_UBA1138_marine
JNICHHHL_03707_Verrucomicrobiota_Akkermansiaceae_Akkermansiaceae_marine,JNICHHHL_03707 | fabH_2 | 3-oxoacyl-[acyl-carrier-protein] synthase 3 | 1533:2522 Reverse,VVVTSEELEGRLAPMLRKLHVADGQLEHLTGILERRWWTPDTPVSQGATAAAKKVLAISGVPIAEIGSLIYAGVCRELYEPATACRVADGLGVNNSTAVYDLSNACLGVLNGILDVANRIELGQIRAGLVVSCESAREINDVMIERMLQMEDIKLFTLALATLTGGSGAVAVLLTDGSFNDNQGHRLLGAATHVAPEHHALCRWGIEKENGVHRPFMSTDSAAVLKHGVKLGKETWDSFLTKMDWSVDDIDRVICHQVGSGHQDSILKTFSLTPDKDFTTYEHLGNMGTVSLPVTAAMADERGVLKRGDNVSFLGIGSGLNCMMLGLKW,JNICHHHL_03707,JNICHHHL,"<a href=""""https://sunagawalab.ethz.ch/share/MARINE_METABOLITES/MAGs_GO_antismash/MAGs_GO_metabat2.c2k.e500_cpl50_ctn10_antismash/TARA_B110000116_METAG_metabat2_a180.c2k.e500.75_antismash/TARA_B110000116_METAG_metabat2_a180.c2k.e500.75_antismash/"""" target=""""_blank"""">Antismash Output</a>",JNICHHHL_03706,JNICHHHL_02510,JNICHHHL_02509,0,2,d__Bacteria;p__Verrucomicrobiota;c__Verrucomicrobiae;o__Verrucomicrobiales;f__Akkermansiaceae;g__;s__,0.0272,0.25,0.858,4311702,4104,0.896666096,0.590024752,Verrucomicrobiota,Verrucomicrobiae,Verrucomicrobiales,Akkermansiaceae,NA,Akkermansiaceae,1.47689,polar,199,[AO] Arctic Ocean (MRGID:1906),34.8814,5.89e-4,0.00109338,NA,MIX,0.008083,NA,NA,2.12e-4,27.91825,4.994604,0.730535,0,0.019,296.228,154,26,11.508,44,3,NA,79.2026,66.4827,79.05594771513672,68.79318449526863,JNICHHHL_03707_Verrucomicrobiota_Akkermansiaceae_Akkermansiaceae_marine,NA,NA,NA,NA,NA,NA,NA,NA,NA,Psychrophilic,S,NA,NA,NA,NA,NA,NA,NA,JNICHHHL_03707_Verrucomicrobiota_Akkermansiaceae_Akkermansiaceae_marine
PPJKJBEN_01083_Proteobacteria_Alteromonadaceae_Alteromonadaceae_marine,PPJKJBEN_01083 | pqsD | Anthraniloyl-CoA anthraniloyltransferase | 1924:2973 Reverse,MKYTRVFINSLAYELAPEVITSSALESRLAPLYQKYRIPMGQLAALTGIVERRWWPKEHILSDGALAAAEKTIKETGISVSDLGAVIYTGVCRDQHEPATACRIAAKLGVSKETAIYDISNACLGALSGILDIANRIELGQIKAGLVVSCESARHIVDVTIDDMLADPSMQNYAQSLATLTGGSGAVAILLTDGSLDLTTDRNHQLLGASHLSAPEHNSLCQWGLKEVGPQLFREFMRTNAVTLLKEGVSLAKDTWEHFLEQRDWMTEHVDKVICHQVGAANQKQVLTALGIPTYKEYPTYQLLGNMGTVSLPVTAAMAHDQGFLKTGDNVSFLGIGSGLNCMMLGLKW,PPJKJBEN_01083,PPJKJBEN,"<a href=""""https://sunagawalab.ethz.ch/share/MARINE_METABOLITES/MAGs_GO_antismash/MAGs_GO_metabat2.c2k.e500_cpl50_ctn10_antismash/TARA_B110000238_METAG_metabat2_a180.c2k.e500.60_antismash/TARA_B110000238_METAG_metabat2_a180.c2k.e500.60_antismash/"""" target=""""_blank"""">Antismash Output</a>",PPJKJBEN_01082,PPJKJBEN_01574,PPJKJBEN_00211,0,1,d__Bacteria;p__Proteobacteria;c__Gammaproteobacteria;o__Enterobacterales;f__Alteromonadaceae;g__;s__,0.0172,0,0.5,2129104,2094,0.85537954,0.374438887,Proteobacteria,Gammaproteobacteria,Enterobacterales,Alteromonadaceae,NA,Alteromonadaceae,-1.649738,polar,5,[AO] Arctic Ocean (MRGID:1906),32.950844,0.002257904,0.001304139,0.0316,SRF,1.417326,0,0.2274,82.927971,26.511331,0.465648,0.216027,0,0.074,388.303875,27,14,0.513,NA,20,-0.072783,78.2518,91.8557,78.12946016982909,90.89976472038087,PPJKJBEN_01083_Proteobacteria_Alteromonadaceae_Alteromonadaceae_marine,NA,NA,NA,NA,NA,NA,NA,NA,NA,Psychrophilic,S,NA,NA,NA,NA,NA,NA,NA,PPJKJBEN_01083_Proteobacteria_Alteromonadaceae_Alteromonadaceae_marine
OILHCALI_01638_Verrucomicrobiota_Opitutaceae_UBA6669_marine,OILHCALI_01638 | fabH_1 | 3-oxoacyl-[acyl-carrier-protein] synthase 3 | 12547:13578 Forward,MKFEHTVIESIAVALPDDVLTSAQIEQRLAPLYERLKLPEGRLELMTGIKERRVWPTGTRPSDASAAAGRKVLTQSRLAAEHVELFIHAAVSRDMLEPATASFAHHKIGLPRTAQIYDVSNACLGFLNALTIAASMIESGQIKCALVCSGENGGPLVENTLNTLLEKPLSRQDIKPYFANLTIGSGAVAAVVCHDSLAPDGHRLVGGMARAATECSALCQGDTHGADSLAMQTDSEALLVAGVALAQETWTDFVKEVGWSRDEFTRFICHQVGSTHRRKLYEALELDLAKDFSTFETLGNTGSVALPATLATAADTGAIKHGDRVGLLGIGSGLNCLMLAVDW,OILHCALI_01638,OILHCALI,"<a href=""""https://sunagawalab.ethz.ch/share/MARINE_METABOLITES/MAGs_GO_antismash/MAGs_GO_metabat2.c2k.e500_cpl50_ctn10_antismash/TARA_B110000305_METAG_metabat2_a180.c2k.e500.85_antismash/TARA_B110000305_METAG_metabat2_a180.c2k.e500.85_antismash/"""" target=""""_blank"""">Antismash Output</a>",OILHCALI_01639,OILHCALI_02167,OILHCALI_02168,0,3,d__Bacteria;p__Verrucomicrobiota;c__Verrucomicrobiae;o__Opitutales;f__Opitutaceae;g__UBA6669;s__,0,0,0.9865,3923342,3515,0.898735823,0.56328628,Verrucomicrobiota,Verrucomicrobiae,Opitutales,Opitutaceae,UBA6669,UBA6669,2.5694,polar,5,[AO] Arctic Ocean (MRGID:1906),28.60925,0.0284539,2.41e-4,0.02025,SRF,0.485962,0.00885,0.00425,30.661175,22.8182,2.822912,0.430504,0,0.0865,336.04075,173,27,0.4235,43,21,NA,71.8895,-154.9101,71.95652618817826,-156.27385449657885,OILHCALI_01638_Verrucomicrobiota_Opitutaceae_UBA6669_marine,NA,NA,NA,NA,NA,NA,NA,NA,NA,Psychrophilic,S,NA,NA,NA,NA,NA,NA,NA,OILHCALI_01638_Verrucomicrobiota_Opitutaceae_UBA6669_marine
GMOMBGHN_01628_Proteobacteria_Alteromonadaceae_Colwellia_marine,GMOMBGHN_01628 | fabH | 3-oxoacyl-[acyl-carrier-protein] synthase 3 | 247:1296 Reverse,MKYTRVFINSLAYELAPHVVTSIELESRLAPLYQKYHIPMGQLTALTGIEERRWWPKGHVLSDGAIIAAKKAIDETGIDIAELGAVVYTGVCRDQHEPATACRIAGALGVSNQTAIYDISNACLGVLSGILDIANRIELGQIKAGLVVSCESARHIVDVTIEDMLAEPTMQNYAQSLATLTGGSGATAVLITDGSFDLKTERNHQLLGASHLSAPEHNNLCQWGLKEVGPQLYREFMRTDAVTLLKEGVMLAKDTWTHFLDQRDWVIEQVDKVICHQVGAANQKQVLTALNIPPEKEFPTFKNLGNMGTVSLPVTAAMAHNDGFLKKGDNVSFLGIGSGLNCMMLGFKW,GMOMBGHN_01628,GMOMBGHN,"<a href=""""https://sunagawalab.ethz.ch/share/MARINE_METABOLITES/MAGs_GO_antismash/MAGs_GO_metabat2.c2k.e500_cpl50_ctn10_antismash/TARA_B110000881_METAG_metabat2_a180.c2k.e500.105_antismash/TARA_B110000881_METAG_metabat2_a180.c2k.e500.105_antismash/"""" target=""""_blank"""">Antismash Output</a>",GMOMBGHN_01541,GMOMBGHN_01629,GMOMBGHN_01630,0,1,d__Bacteria;p__Proteobacteria;c__Gammaproteobacteria;o__Enterobacterales;f__Alteromonadaceae;g__Colwellia;s__,0.026,0.4,0.5901,2122809,2097,0.838990696,0.379286632,Proteobacteria,Gammaproteobacteria,Enterobacterales,Alteromonadaceae,Colwellia,Colwellia,1.230869,polar,491,[AO] Arctic Ocean (MRGID:1906),34.378169,0.018947516,5.96e-4,NA,MES,0,NA,NA,3.62e-4,27.531506,NA,NA,0.113334,NA,227.316,481,13,NA,53,48,0.189964,72.4456,-71.8814,72.54590281405703,-71.08876580128779,GMOMBGHN_01628_Proteobacteria_Alteromonadaceae_Colwellia_marine,NA,NA,NA,NA,NA,NA,NA,NA,NA,Psychrophilic,S,NA,NA,NA,NA,NA,NA,NA,GMOMBGHN_01628_Proteobacteria_Alteromonadaceae_Colwellia_marine
DLNKJDDL_01008_Proteobacteria_Shewanellaceae_Shewanella_marine,DLNKJDDL_01008 | fabH_1 | 3-oxoacyl-[acyl-carrier-protein] synthase 3 | 142674:143723 Forward,MKYSRVFINSLAYELAPQVVSSSDLESRLAPLYQKFRIPMGQLAALTGITERRWWPKGHRLSDGAIAAAQKALNETGIDVSDLGAVVYTGVCRDQHEPATACRIAAELGVSKDTAIYDISNACLGVLSGILDIANRIELGQIKAGMVVSCESARDIVDATIDHMLAEPTMQNFAQSLATLTGGSGAVAVILTDGTLPLKTTRQHQLLGASHLSAPEHHQLCQWGLQEAGHLLYREFMRTDAVTLLKEGVELAKHTWEHFLEQRDWVVERVDKVICHQVGASNRRQVLNALNIPHIKEYPTYQTLGNMGSVSLPVTAAIAHDEGFLRVGDQVSFLGIGSGLNCMMLGIKW,DLNKJDDL_01008,DLNKJDDL,"<a href=""""https://sunagawalab.ethz.ch/share/MARINE_METABOLITES/MAGs_GO_antismash/MAGs_GO_metabat2.c2k.e500_cpl50_ctn10_antismash/TARA_R110000851_METAG_metabat2_a190.c2k.e500.91_antismash/TARA_R110000851_METAG_metabat2_a190.c2k.e500.91_antismash/"""" target=""""_blank"""">Antismash Output</a>",DLNKJDDL_01009,DLNKJDDL_01010,DLNKJDDL_01011,1,4,d__Bacteria;p__Proteobacteria;c__Gammaproteobacteria;o__Enterobacterales;f__Shewanellaceae;g__Shewanella;s__Shewanella sp002836275,0.0214,0,0.8597,3975491,3576,0.836413917,0.419222999,Proteobacteria,Gammaproteobacteria,Enterobacterales,Shewanellaceae,Shewanella,Shewanella,NA,polar,17,NA,NA,NA,NA,NA,NA,NA,NA,NA,NA,NA,NA,NA,NA,NA,NA,NA,NA,NA,NA,NA,NA,78.3555,91.6084,78.3698070258025,90.00574398164085,DLNKJDDL_01008_Proteobacteria_Shewanellaceae_Shewanella_marine,NA,NA,NA,NA,NA,NA,NA,NA,NA,NA,NA,NA,NA,NA,NA,NA,NA,NA,DLNKJDDL_01008_Proteobacteria_Shewanellaceae_Shewanella_marine
JFDPEIEM_00492_Proteobacteria_Psychromonadaceae_Psychromonas_marine,JFDPEIEM_00492 | fabH_1 | 3-oxoacyl-[acyl-carrier-protein] synthase 3 | 217624:218673 Reverse,MKYSRVFINSFAYELAPEVVSSHDLESRLAPLYQKLRIPMGQLAALTGIEERRWWPKDHRLSDGAIEAAKKSIAETDISIDDIGAVVYTGVCRDQHEPATACRIAAELGVNKSTAIYDISNACLGVLSGILDVANRIELGQIKAGLVVSCESARHIVDITIDNMLENQNIQNFSQSLATLTGGSGAVAVLLTDGSLTLKNERQHKLLGASHLSAPEHHDLCKWGLQEVGLKLHREFMRTDAVPLLKEGVALAHDTWKHFLEQRDWVVEQVDKVICHQVGSANQKQVLSALNIPAYKEFPTFQTLGNMGTVSLPVTAAMAHDQGFLKRGDKVSFLGIGSGLNCMMLGLEW,JFDPEIEM_00492,JFDPEIEM,"<a href=""""https://sunagawalab.ethz.ch/share/MARINE_METABOLITES/MAGs_GO_antismash/MAGs_GO_metabat2.c2k.e500_cpl50_ctn10_antismash/TARA_R110001583_METAG_metabat2_a190.c2k.e500.92_antismash/TARA_R110001583_METAG_metabat2_a190.c2k.e500.92_antismash/"""" target=""""_blank"""">Antismash Output</a>",JFDPEIEM_00491,JFDPEIEM_00490,JFDPEIEM_00489,1,6,d__Bacteria;p__Proteobacteria;c__Gammaproteobacteria;o__Enterobacterales;f__Psychromonadaceae;g__Psychromonas;s__,0.0036,0,0.9805,4626911,3939,0.855457561,0.374399781,Proteobacteria,Gammaproteobacteria,Enterobacterales,Psychromonadaceae,Psychromonas,Psychromonas,NA,polar,391,NA,NA,NA,NA,NA,NA,NA,NA,NA,NA,NA,NA,NA,NA,NA,NA,NA,NA,NA,NA,NA,NA,61.5754,-55.9846,61.916586875549406,-56.608587860318266,JFDPEIEM_00492_Proteobacteria_Psychromonadaceae_Psychromonas_marine,NA,NA,NA,NA,NA,NA,NA,NA,NA,NA,NA,NA,NA,NA,NA,NA,NA,NA,JFDPEIEM_00492_Proteobacteria_Psychromonadaceae_Psychromonas_marine
KLHHEPHJ_03344_Hydrogenedentota_NA_Hydrogenedentiales_marine,KLHHEPHJ_03344 | fabH_1 | 3-oxoacyl-[acyl-carrier-protein] synthase 3 | 45324:46367 Forward,MKYTNVHIDTIGYALAPVVVSSEELEDELEPLYSALHIPHGQLESLTGIQERRWWPKGYALSDGAIAAATKAFSQSPVTPRDIGAVVYCGVGRDNFEPATACRVASAFQIGGNTAIFDISNACLGVMNGILDMANRIQLGQIRAGLVVSAETARDIVEETIAKVLDNPTMAFYIESLATLTGGSGAVAVLVTDGSFGNDAQHQLLGGVSLAAPEHYGLCTWGLDHLGDGLRKQFMSTDAVSVLKYGVKLGLDTWQALLDEMGWSVEDIDKVICHQVGNANKDAILKSIGVSAEKDFATFGHLGNMGTVSLPLTAAIAHERGFLKSGDEVAFLGIGSGLNCMMLGLRW,KLHHEPHJ_03344,KLHHEPHJ,"<a href=""""https://sunagawalab.ethz.ch/share/MARINE_METABOLITES/MAGs_GO_antismash/MAGs_GO_metabat2.c2k.e500_cpl50_ctn10_antismash/TARA_R110001592_METAG_metabat2_a190.c2k.e500.152_antismash/TARA_R110001592_METAG_metabat2_a190.c2k.e500.152_antismash/"""" target=""""_blank"""">Antismash Output</a>",KLHHEPHJ_03345,KLHHEPHJ_05332,KLHHEPHJ_05331,0,9,d__Bacteria;p__Hydrogenedentota;c__Hydrogenedentia;o__Hydrogenedentiales;f__;g__;s__,0.0128,0,0.9829,7247149,5569,0.867987536,0.564130032,Hydrogenedentota,Hydrogenedentia,Hydrogenedentiales,NA,NA,Hydrogenedentiales,NA,polar,5,NA,NA,NA,NA,NA,NA,NA,NA,NA,NA,NA,NA,NA,NA,NA,NA,NA,NA,NA,NA,NA,NA,61.5427,-55.9869,61.6641377567307,-55.568413783535675,KLHHEPHJ_03344_Hydrogenedentota_NA_Hydrogenedentiales_marine,NA,NA,NA,NA,NA,NA,NA,NA,NA,NA,NA,NA,NA,NA,NA,NA,NA,NA,KLHHEPHJ_03344_Hydrogenedentota_NA_Hydrogenedentiales_marine
PMDDHMHM_02083_Proteobacteria_Psychromonadaceae_Psychromonas_marine,PMDDHMHM_02083 | pqsD | Anthraniloyl-CoA anthraniloyltransferase | 128026:129075 Reverse,MKYSRVYINSMAYQLAPEVVSSKDLESRLAPLYQKLRIPAGQLAALTGIEERRWWPSDHRLSDGAIEAAKKSLSETGINVEDIGAVVYTGVCRDQHEPATACRIAAELGVNKSTAIYDISNACLGVLSGILDIANRIELGQIKAGLVVSCESARHIVDITIDNMLSNQSIQNFSQSLATLTGGSGAVAVLLTDGSLTLDNQRQHKLLGASHLSAPQHHDLCKWGLQEVGLKLHREFMRTNAVPLLKEGVALALDTWKEFLAQQHWTIDSVNKVICHQVGSANQKQVLAALGIPASKEFPTYQYLGNMGTVSLPVTAALAHEQGFLQKGDNVSFLGIGSGLNCMMLGLEW,PMDDHMHM_02083,PMDDHMHM,"<a href=""""https://sunagawalab.ethz.ch/share/MARINE_METABOLITES/MAGs_GO_antismash/MAGs_GO_metabat2.c2k.e500_cpl50_ctn10_antismash/TARA_R110001592_METAG_metabat2_a190.c2k.e500.169_antismash/TARA_R110001592_METAG_metabat2_a190.c2k.e500.169_antismash/"""" target=""""_blank"""">Antismash Output</a>",PMDDHMHM_02082,PMDDHMHM_02081,PMDDHMHM_02080,1,5,d__Bacteria;p__Proteobacteria;c__Gammaproteobacteria;o__Enterobacterales;f__Psychromonadaceae;g__Psychromonas;s__,0.0036,0.5,0.9892,4001789,3427,0.827892725,0.369775702,Proteobacteria,Gammaproteobacteria,Enterobacterales,Psychromonadaceae,Psychromonas,Psychromonas,NA,polar,5,NA,NA,NA,NA,NA,NA,NA,NA,NA,NA,NA,NA,NA,NA,NA,NA,NA,NA,NA,NA,NA,NA,61.5427,-55.9869,61.78190099344937,-55.095862171956284,PMDDHMHM_02083_Proteobacteria_Psychromonadaceae_Psychromonas_marine,NA,NA,NA,NA,NA,NA,NA,NA,NA,NA,NA,NA,NA,NA,NA,NA,NA,NA,PMDDHMHM_02083_Proteobacteria_Psychromonadaceae_Psychromonas_marine
HAJIHKJJ_04557_Planctomycetota_Planctomycetaceae_Planctomycetaceae_marine,HAJIHKJJ_04557 | fabH_4 | 3-oxoacyl-[acyl-carrier-protein] synthase 3 | 11464:12525 Forward,MRYHNVCLETFAYTLPDEIVTSDEIEERLRPVYERLHLPAGRLELMTGIRERRFFPMGTRPGDISALTAKKAIEQSGIPAESFGALIHGSVCRDQLEPATACNVHAAAGLPGSCAVLDVSNACLGILNGVLLLANMIELGQIRAGVVVGTEVGRGLVEGTIDTLLSSPNVTRKDVKGEFASLTIGSASAGIVVCDAKLSRTGNRLIGAHFLADSSHHKLCEGGVQSETYGDDRPRMQTDSEALLHAGVNLATQNWEATLQTLGWRNSSVNKAFTHQVGKAHRKLLYDSLGLNPEIDFATVDFLGNTGAAALPVTTAIGLERGHVQTGEKVAMLGIGSGLNSIMMGWEFQGIPS,HAJIHKJJ_04557,HAJIHKJJ,"<a href=""""https://sunagawalab.ethz.ch/share/MARINE_METABOLITES/MAGs_GO_antismash/MAGs_GO_metabat2.c2k.e500_cpl50_ctn10_antismash/TARA_R110002072_METAG_metabat2_a190.c2k.e500.84_antismash/TARA_R110002072_METAG_metabat2_a190.c2k.e500.84_antismash/"""" target=""""_blank"""">Antismash Output</a>",HAJIHKJJ_00632,HAJIHKJJ_02922,HAJIHKJJ_02469,0,8,d__Bacteria;p__Planctomycetota;c__Planctomycetes;o__Planctomycetales;f__Planctomycetaceae;g__;s__,0.0449,0,0.9871,8428592,6172,0.875356999,0.562764774,Planctomycetota,Planctomycetes,Planctomycetales,Planctomycetaceae,NA,Planctomycetaceae,NA,polar,5,NA,NA,NA,NA,NA,NA,NA,NA,NA,NA,NA,NA,NA,NA,NA,NA,NA,NA,NA,NA,NA,NA,72.5128,44.0775,72.18573425931861,43.17864083565274,HAJIHKJJ_04557_Planctomycetota_Planctomycetaceae_Planctomycetaceae_marine,NA,NA,NA,NA,NA,NA,NA,NA,NA,NA,NA,NA,NA,NA,NA,NA,NA,NA,HAJIHKJJ_04557_Planctomycetota_Planctomycetaceae_Planctomycetaceae_marine
LNILFACD_01640_Bdellovibrionota_Bacteriovoracaceae_GCA_2720865_marine,LNILFACD_01640 | fabH_4 | 3-oxoacyl-[acyl-carrier-protein] synthase 3 | 7514:8542 Reverse,MKFNNVVISDFAHYLPEKVMSSDEIEKRLAPLYKKLRLPEGRLELMTGITERRYWEPGTRPSALSTKAANNLFDSGKLKKEDIDLVIHASVCRDFLEPSTASVVHCDLGLKPEAMLFDLSNACLGVMSSMVMAANLIESGAIKHALIVSGENGGPLLFQTIETLLKDDSINRKNIKKYIANLTIGSAAVAYTLSHKDLASGHKLVGGVSMADTSANVLCQGGGDTQALMMETDSEELMKKGVVLAKETWERTKAELAWENSDIDWAIGHQVGKAHEALTMETLGLENKQTFKTYPFLGNTGSAALPVTLDLLNHEMKIEKGSKVALLGIGSGLNSIMLGVEW,LNILFACD_01640,LNILFACD,"<a href=""""https://sunagawalab.ethz.ch/share/MARINE_METABOLITES/MAGs_GO_antismash/MAGs_GO_metabat2.c2k.e500_cpl50_ctn10_antismash/TARA_Y100000591_METAG_metabat2_a190.c2k.e500.85_antismash/TARA_Y100000591_METAG_metabat2_a190.c2k.e500.85_antismash/"""" target=""""_blank"""">Antismash Output</a>",LNILFACD_01639,LNILFACD_01638,LNILFACD_01637,0,3,d__Bacteria;p__Bdellovibrionota;c__Bacteriovoracia;o__Bacteriovoracales;f__Bacteriovoracaceae;g__GCA-2720865;s__GCA-2720865 sp002720865,0.0312,0,0.9334,3831661,4128,0.937715262,0.376515472,Bdellovibrionota,Bacteriovoracia,Bacteriovoracales,Bacteriovoracaceae,GCA-2720865,GCA-2720865,NA,non polar,140,NA,NA,NA,NA,NA,NA,NA,NA,NA,NA,NA,NA,NA,NA,NA,NA,NA,NA,NA,NA,NA,NA,-8.8999,-142.5461,-8.502417786204369,-142.40720852710416,LNILFACD_01640_Bdellovibrionota_Bacteriovoracaceae_GCA-2720865_marine,NA,NA,NA,NA,NA,NA,NA,NA,NA,NA,NA,NA,NA,NA,NA,NA,NA,NA,LNILFACD_01640_Bdellovibrionota_Bacteriovoracaceae_GCA_2720865_marine
NA,NA,NA,NA,NA,NA,NA,NA,NA,NA,NA,NA,NA,NA,NA,NA,NA,NA,NA,NA,NA,NA,NA,Janthinobacterium,NA,4,polar,NA,NA,NA,NA,NA,NA,NA,NA,NA,NA,NA,NA,NA,NA,NA,NA,NA,NA,NA,NA,NA,NA,NA,-77.117,161.833,-77.14379488302222,160.43813784675518,NA,1,Janthinobacterium sp. CG3,NA,NA,NA,fig|1075768.5.peg.2737,fig|1075768.5.peg.618,fig|1075768.5.peg.3518,the Cotton Glacier are excellent models to study carbon cycling due to the simplified polar environment,Psychrophilic,I,NA,4 C,NA,"77° 07? S, 161° 50? E","Cotton Glacier, Antarctica (77°07?S, 161°50?E)",does not produce violacein to protect from UV,DOI: 10.1128/genomeA.00960-13,1075768.5.peg.2737_Janthinobacterium_psychrophile
NA,NA,NA,NA,NA,NA,NA,NA,NA,NA,NA,NA,NA,NA,NA,NA,NA,NA,NA,NA,NA,NA,NA,Desulfobulbaceae,NA,10,non polar,NA,NA,NA,NA,NA,NA,NA,NA,NA,NA,NA,NA,NA,NA,NA,NA,NA,NA,NA,NA,NA,NA,NA,47.40917,7.06727,47.147365339565646,7.728233422250314,NA,1,Desulfobulbaceae bacterium BRH_c16a,NA,NA,NA,fig|1629713.5.peg.2518,fig|1629713.5.peg.4851,fig|1629713.5.peg.4852,Opalinus Clay rock porewater BRC-3 borehole,Psychrophilic,O,10 C,NA,NA,"47.40917° N,  7.067270° E","Switzerland: Mt Terri URL, St-Ursanne","cable bacteria, marine, sulfate reducing",NA,1629713.5.peg.2518_Desulfobulbaceae_psychrophile
NA,NA,NA,NA,NA,NA,NA,NA,NA,NA,NA,NA,NA,NA,NA,NA,NA,NA,NA,NA,NA,NA,NA,Desulfotalea,NA,10,polar,NA,NA,NA,NA,NA,NA,NA,NA,NA,NA,NA,NA,NA,NA,NA,NA,NA,NA,NA,NA,NA,NA,NA,78.698105,15.723717,78.48807687222106,17.74585643266134,NA,1,Desulfotalea psychrophila LSv54,NA,NA,NA,fig|177439.6.peg.798,fig|177439.6.peg.2862,fig|177439.6.peg.2861,"marine sediments off of the coast of Svalbard, and can grow at temperatures as low as -1",Psychrophilic,O,10 C,10 C,-1.7,"78.698105, 15.723717",off the coast of Svalbard,location is just of svalbard,"DOI: 10.1111/j.1462-2920.2004.00665.x, in email",177439.6.peg.798_Desulfotalea_psychrophile
NA,NA,NA,NA,NA,NA,NA,NA,NA,NA,NA,NA,NA,NA,NA,NA,NA,NA,NA,NA,NA,NA,NA,Moritella,NA,5,non polar,NA,NA,NA,NA,NA,NA,NA,NA,NA,NA,NA,NA,NA,NA,NA,NA,NA,NA,NA,NA,NA,NA,NA,40.027,144.215,40.193746597948696,143.8079914391278,NA,1,Moritella sp. JT01,NA,NA,NA,fig|756698.3.peg.3339,fig|756698.3.peg.3341,fig|756698.3.peg.3342,Sediment from Japan Trench,Psychrophilic,O,5-8 C,4 C,NA,"40° 01.61? N, 144° 12.88? E","Japan Trench (40° 01.61? N, 144° 12.88? E, 6957 m depth)",NA,"DOI: 10.1007/s10126-017-9767-3, in email",756698.3.peg.3339_Moritella_psychrophile
NA,NA,NA,NA,NA,NA,NA,NA,NA,NA,NA,NA,NA,NA,NA,NA,NA,NA,NA,NA,NA,NA,NA,Oleispira,NA,7,polar,NA,NA,NA,NA,NA,NA,NA,NA,NA,NA,NA,NA,NA,NA,NA,NA,NA,NA,NA,NA,NA,NA,NA,-74.696,164.12,-74.27590635926988,165.764171129525,NA,1,Oleispira antarctica RB-8,NA,NA,NA,fig|698738.7.peg.1803,fig|698738.7.peg.1807,fig|698738.7.peg.1805,surface seawater in antarctica,Psychrophilic,O,1-15 C,4 C,NA,"74°41·753?S, 164°07·188?E","Rod Bay (Ross Sea, Antarctica; 74°41·753?S, 164°07·188?E)","synthesize PUFA eicosapentaenoic acid (20: 5omega3) at low temperatures. Needs [Na+] of >20 mM. RB-8T and RB-9 showed better growth at temperatures below 25?°C, with a broad growth temperature optimum between 1 and 15?°C and a maximum growth temperature of about 27–28?°C. The minimal growth temperature was estimated to be ?6·8?°C",DOI: 10.1099/ijs.0.02366-0,698738.7.peg.1803_Oleispira_psychrophile
NA,NA,NA,NA,NA,NA,NA,NA,NA,NA,NA,NA,NA,NA,NA,NA,NA,NA,NA,NA,NA,NA,NA,Paeniglutamicibacter,NA,-1.5,polar,NA,NA,NA,NA,NA,NA,NA,NA,NA,NA,NA,NA,NA,NA,NA,NA,NA,NA,NA,NA,NA,NA,NA,-62.09601,-58.28464,-62.190338809582826,-58.761174540973165,NA,1,Paeniglutamicibacter gangotriensis strain ANT_H27,NA,NA,NA,fig|254787.3.peg.2962,fig|254787.3.peg.2963,fig|254787.3.peg.2964,petroleum-contaminated soil collected near the petroleum pumping and storage warehouse at the Henryk Arctowski Polish Antarctic Station,Psychrophilic,I,NA,NA,-1.5,62.09601 S 58.28464 W,"Antarctica: King George Island, Admiralty Bay (62.09601 S 58.28464 W)",NA,seems to have no article only biosample data (https://www.ncbi.nlm.nih.gov/biosample/SAMN12305746),254787.3.peg.2962_Paeniglutamicibacter_psychrophile
NA,NA,NA,NA,NA,NA,NA,NA,NA,NA,NA,NA,NA,NA,NA,NA,NA,NA,NA,NA,NA,NA,NA,Rhodonellum,NA,5,polar,NA,NA,NA,NA,NA,NA,NA,NA,NA,NA,NA,NA,NA,NA,NA,NA,NA,NA,NA,NA,NA,NA,NA,62.983,-48.31,62.94675806207263,-49.01205912530241,NA,1,Rhodonellum psychrophilum DSM 17998 strain GCM71,NA,NA,NA,fig|1123057.7.peg.1800,fig|1123057.7.peg.707,fig|1123057.7.peg.1091,Ikaite tufa columns,Psychrophilic,O,5C,NA,NA,61° 119' N 48° 019' W,"Ikka Fjord, SW Greenland (61° 119' N 48° 019' W)",NA,NA,1123057.7.peg.1800_Rhodonellum_psychrophile
NA,NA,NA,NA,NA,NA,NA,NA,NA,NA,NA,NA,NA,NA,NA,NA,NA,NA,NA,NA,NA,NA,NA,Salinibacterium,NA,5,NA,NA,NA,NA,NA,NA,NA,NA,NA,NA,NA,NA,NA,NA,NA,NA,NA,NA,NA,NA,NA,NA,NA,NA,NA,NA,NA,NA,NA,1,Salinibacterium sp. UTAS2018,NA,NA,NA,fig|2508880.3.peg.322,fig|2508880.3.peg.321,fig|2508880.3.peg.320,cold room contaminant,Psychrophilic,I,NA,NA,5 C,NA,"""cold room""",5 C is just from patric,NA,2508880.3.peg.322_Salinibacterium_psychrophile
NA,NA,NA,NA,NA,NA,NA,NA,NA,NA,NA,NA,NA,NA,NA,NA,NA,NA,NA,NA,NA,NA,NA,Deltaproteobacteria,NA,3.5,non polar,NA,NA,NA,NA,NA,NA,NA,NA,NA,NA,NA,NA,NA,NA,NA,NA,NA,NA,NA,NA,NA,NA,NA,27.015,-111.3799,27.341071401056407,-111.27369693192361,NA,1,Deltaproteobacteria bacterium strain B30_G6,DRH90_03805,DRH90_20590,DRH90_20585,fig|2026735.166.peg.848,fig|2026735.166.peg.4700,fig|2026735.166.peg.4699,deep-sea hydrothermal vent sediments from dive 4569_2 depth 0-3 cm,Psychrophilic,I,NA,NA,3.5,"27°00.9087N, 111° 22.7932W",Guaymas Basin (Gulf of California),NA,NA,2026735.166.peg.848_Deltaproteobacteria_psychrophile
NA,NA,NA,NA,NA,NA,NA,NA,NA,NA,NA,NA,NA,NA,NA,NA,NA,NA,NA,NA,NA,NA,NA,Deltaproteobacteria,NA,6.1,non polar,NA,NA,NA,NA,NA,NA,NA,NA,NA,NA,NA,NA,NA,NA,NA,NA,NA,NA,NA,NA,NA,NA,NA,27.015,-111.3799,26.62486992658652,-111.72507280497972,NA,1,Deltaproteobacteria bacterium strain B9_G4,DRH30_08870,DRH30_08880,DRH30_08885,fig|2026735.148.peg.1837,fig|2026735.148.peg.1839,fig|2026735.148.peg.1840,deep-sea hydrothermal vent sediments from dive 4569_4 depth 0-3 cm,Psychrophilic,I,NA,NA,6.1,"27°00.9087N, 111° 22.7932W",Guaymas Basin (Gulf of California),NA,DOI: 10.1038/s41467-018-07418-0,2026735.148.peg.1837_Deltaproteobacteria_psychrophile
NA,NA,NA,NA,NA,NA,NA,NA,NA,NA,NA,NA,NA,NA,NA,NA,NA,NA,NA,NA,NA,NA,NA,Epsilonproteobacteria,NA,6.1,non polar,NA,NA,NA,NA,NA,NA,NA,NA,NA,NA,NA,NA,NA,NA,NA,NA,NA,NA,NA,NA,NA,NA,NA,27.015,-111.3799,27.227917790585053,-111.03228975025921,NA,1,Epsilonproteobacteria bacterium strain B11_G4,DRQ88_10755,DRQ88_10765,DRQ88_10770,fig|2026809.16.peg.2167,fig|2026809.16.peg.2169,fig|2026809.16.peg.2170,deep-sea hydrothermal vent sediments from dive 4569_4 depth 0-3 cm,Psychrophilic,I,NA,NA,6.1,"27°00.9087N, 111° 22.7932W",Guaymas Basin (Gulf of California),NA,NA,2026809.16.peg.2167_Epsilonproteobacteria_psychrophile
NA,NA,NA,NA,NA,NA,NA,NA,NA,NA,NA,NA,NA,NA,NA,NA,NA,NA,NA,NA,NA,NA,NA,Verrucomicrobia,NA,6.1,non polar,NA,NA,NA,NA,NA,NA,NA,NA,NA,NA,NA,NA,NA,NA,NA,NA,NA,NA,NA,NA,NA,NA,NA,27.015,-111.3799,27.45096308908083,-110.9203335098598,NA,1,Verrucomicrobia bacterium strain B12_G4,DRP71_02100,DRP71_01465,DRP71_01460,fig|2026799.183.peg.457,fig|2026799.183.peg.320,fig|2026799.183.peg.319,deep-sea hydrothermal vent sediments from dive 4569_4 depth 0-3 cm,Psychrophilic,I,NA,NA,6.1,"27°00.9087N, 111° 22.7932W",Guaymas Basin (Gulf of California),NA,NA,2026799.183.peg.457_Verrucomicrobia_psychrophile
NA,NA,NA,NA,NA,NA,NA,NA,NA,NA,NA,NA,NA,NA,NA,NA,NA,NA,NA,NA,NA,NA,NA,Kocuria,NA,33,NA,NA,NA,NA,NA,NA,NA,NA,NA,NA,NA,NA,NA,NA,NA,NA,NA,NA,NA,NA,NA,NA,NA,NA,NA,NA,NA,NA,NA,1,Kocuria salsicia sp. G1,NA,NA,NA,fig|282669.3.peg.967,fig|282669.3.peg.967,fig|282669.3.peg.966,Wall Segment in a Danish Slaughterhouse,Mesophilic,O,30-37 C,NA,NA,NA,the danish slaughterhouse,NA,on ppt,282669.3.peg.967_Kocuria_mesophile
NA,NA,NA,NA,NA,NA,NA,NA,NA,NA,NA,NA,NA,NA,NA,NA,NA,NA,NA,NA,NA,NA,NA,Sedimentitalea,NA,18,non polar,NA,NA,NA,NA,NA,NA,NA,NA,NA,NA,NA,NA,NA,NA,NA,NA,NA,NA,NA,NA,NA,NA,NA,-7,149.8,-7.070094748846862,149.35904261332936,NA,1,Sedimentitalea sp. W43,NA,NA,NA,fig|2483033.3.peg.4057,fig|2483033.3.peg.4325,fig|2483033.3.peg.4056,deep seawater of the New Britain Trench,Mesophilic,O,16-20 C,NA,NA,"149.8° E, 7.0° S","New Britain Trench (149.8?E, 7.0?S)",parasedimentalea,"https://doi.org/10.1093/femsle/fnaa004, in email",2483033.3.peg.4057_Sedimentitalea_mesophile
NA,NA,NA,NA,NA,NA,NA,NA,NA,NA,NA,NA,NA,NA,NA,NA,NA,NA,NA,NA,NA,NA,NA,Vulcaniibacterium,NA,45,non polar,NA,NA,NA,NA,NA,NA,NA,NA,NA,NA,NA,NA,NA,NA,NA,NA,NA,NA,NA,NA,NA,NA,NA,25.23,98.5,25.403799320680825,98.51392707545186,NA,1,Vulcaniibacterium thermophilum strain KCTC 32020,NA,NA,NA,fig|1169913.3.peg.856,fig|1169913.3.peg.1563,fig|1169913.3.peg.1560,Geothermal soil,Thermophilic,O,45 C,NA,NA,25.23°N 98.5°E,"Rehai National Park, Tengchong, Yunnan Province, South-West China.",optimum 0% salts and pH = 7,DOI: 10.1007/s10482-013-9959-4,1169913.3.peg.856_Vulcaniibacterium_thermophile
NA,NA,NA,NA,NA,NA,NA,NA,NA,NA,NA,NA,NA,NA,NA,NA,NA,NA,NA,NA,NA,NA,NA,Alicyclobacillus,NA,52,non polar,NA,NA,NA,NA,NA,NA,NA,NA,NA,NA,NA,NA,NA,NA,NA,NA,NA,NA,NA,NA,NA,NA,NA,34.98583,138.38539,35.09470349855169,138.5431506418966,NA,1,Alicyclobacillus kakegawensis NBRC 103104,NA,NA,NA,fig|1220571.3.peg.752,fig|1220571.3.peg.3115,fig|1220571.3.peg.2095,Soil in a field,Thermophilic,O,50-55 C,NA,NA,"34.98583 N, 138.38539 E","Kakegawa, Shizuoka",NA,https://doi.org/10.1099/ijs.0.64692-0,1220571.3.peg.752_Alicyclobacillus_thermophile
NA,NA,NA,NA,NA,NA,NA,NA,NA,NA,NA,NA,NA,NA,NA,NA,NA,NA,NA,NA,NA,NA,NA,Candidatus,NA,NA,non polar,NA,NA,NA,NA,NA,NA,NA,NA,NA,NA,NA,NA,NA,NA,NA,NA,NA,NA,NA,NA,NA,NA,NA,58.5,84.967,58.13927325662936,85.26111893935985,NA,1,Candidatus Riflebacteria bacterium BY5,OZSIB_0384,OZSIB_0382,OZSIB_0381,fig|2268124.3.peg.401,fig|2268124.3.peg.399,fig|2268124.3.peg.398,2-km deep subsurface thermal aquifer,NA,NA,NA,NA,NA,56°30?N 84°58?E,"Tomsk Region of the Western Siberia, Russia.",NA,https://doi.org/10.1093/femsec/fiy152,2268124.3.peg.401_Candidatus_thermophile
NA,NA,NA,NA,NA,NA,NA,NA,NA,NA,NA,NA,NA,NA,NA,NA,NA,NA,NA,NA,NA,NA,NA,Chloroflexus,NA,55,non polar,NA,NA,NA,NA,NA,NA,NA,NA,NA,NA,NA,NA,NA,NA,NA,NA,NA,NA,NA,NA,NA,NA,NA,36,139,35.692977718445825,138.72117078971215,NA,1,Chloroflexus aggregans DSM 9485,Cagg_0548,Cagg_0550,Cagg_0549,fig|326427.4.peg.556,fig|326427.4.peg.558,fig|326427.4.peg.557,hot spring,Thermophilic,O,50-60 C,55 C,57 C,36°33?18.4?N 139°52?57.2?E,"Okukinu Meotobuchi hot spring in Tochigi Prefecture, Japan.",NA,https://doi.org/10.1099/00207713-45-4-676,326427.4.peg.556_Chloroflexus_thermophile
NA,NA,NA,NA,NA,NA,NA,NA,NA,NA,NA,NA,NA,NA,NA,NA,NA,NA,NA,NA,NA,NA,NA,Fischerella,NA,NA,non polar,NA,NA,NA,NA,NA,NA,NA,NA,NA,NA,NA,NA,NA,NA,NA,NA,NA,NA,NA,NA,NA,NA,NA,-38.03812,176.54931,-38.1948951607666,176.42161849761283,NA,1,Fischerella thermalis CCMEE 5201,CEN39_01180,CEN39_11710,CEN39_17060,fig|2019672.3.peg.2803,fig|2019672.3.peg.3115,fig|2019672.3.peg.4567,hot spring,NA,NA,NA,NA,NA,"38.03812 N, 176.549310 E",New Zealand: Waitangi Springs,same as Mastigocladus laminosus,NA,2019672.3.peg.2803_Fischerella_thermophile
NA,NA,NA,NA,NA,NA,NA,NA,NA,NA,NA,NA,NA,NA,NA,NA,NA,NA,NA,NA,NA,NA,NA,Isosphaera,NA,41,non polar,NA,NA,NA,NA,NA,NA,NA,NA,NA,NA,NA,NA,NA,NA,NA,NA,NA,NA,NA,NA,NA,NA,NA,44.86,-121.2,44.70189632842669,-121.01084546773494,NA,1,Isosphaera pallida ATCC 43644,Isop_2005,Isop_1050,Isop_1049,fig|575540.3.peg.2557,fig|575540.3.peg.1344,fig|575540.3.peg.1343,hot spring,Thermophilic,O,41 C,NA,NA,"44.86 N, 121.20 W","Kah-nee-tah Hot Spring, Oregon,USA",NA,DOI: 10.4056/sigs.1533840,575540.3.peg.2557_Isosphaera_thermophile
