nams,X1,X2,X3,X4,X5,X6,X7,X8,X9,X10,X11,X12,X13,X14,X15,X16,X17,X18,X19,X20,X21,X22,X23,X24,X25,X26,X27,X28,X29,X30,X31,X32,X33,X34,X35,X36,X37,X38,X39,X40,X41,X42,X43,X44,X45,X46,X47,X48,X49,X50
Xanthomonas_campestris_pv._campestris_str._ATCC_33913,T,S,V,S,V,A,N,A,C,L,A,F,I,N,G,D,E,T,L,G,C,M,L,V,I,H,Q,V,H,G,N,I,G,P,A,S,V,P,I,L,L,G,I,G,S,G,L,N,C,S
Actinomycetospora_chiangmaiensis,T,S,V,S,L,G,N,A,C,L,G,F,L,N,G,A,E,T,V,G,C,M,L,C,L,H,Q,V,H,G,N,I,G,P,A,G,V,P,T,L,M,G,V,G,S,G,I,N,A,A
Actinoplanes_atraurantiacus,A,S,A,T,V,T,N,A,C,N,S,F,L,N,G,T,E,T,F,G,P,Y,L,L,V,H,Q,V,Y,G,N,M,A,S,A,T,L,G,V,L,V,G,L,G,G,G,-,-,V,S
Agrococcus_casei,A,S,V,S,I,T,N,A,C,L,G,F,V,N,G,A,E,T,L,G,C,M,L,I,P,H,Q,I,H,G,N,V,G,P,A,S,L,P,I,C,L,G,V,G,S,G,L,N,T,A
Allokutzneria_albata,A,A,A,S,I,S,N,A,C,S,S,V,F,N,A,C,E,T,V,S,W,L,D,C,I,H,Q,A,Y,G,N,V,A,S,A,T,L,P,L,L,V,G,L,A,S,G,L,S,L,G
Anaerocolumna_xylanovorans,S,A,L,T,I,K,N,A,C,N,A,F,V,C,A,S,E,S,V,G,S,F,L,I,P,T,Q,I,I,G,N,M,S,T,A,S,I,P,V,L,L,G,V,A,N,G,F,N,V,G
Auraticoccus_monumenti,T,S,V,S,I,S,N,A,C,L,G,F,I,N,G,N,E,T,L,G,C,M,L,V,S,H,Q,T,H,G,N,M,G,P,A,A,A,P,F,M,L,G,I,G,S,G,L,N,T,S
Bacteroides_luti,V,S,V,S,I,P,M,A,C,S,G,Y,C,Y,G,V,D,P,M,Y,E,V,V,L,L,H,Q,A,I,G,N,T,S,S,G,T,I,P,M,L,C,G,F,G,A,G,L,S,W,A
Brachybacterium_alimentarium,A,S,V,S,I,T,N,A,C,L,G,F,V,N,A,G,E,T,L,G,C,M,L,I,P,H,Q,V,Y,G,N,V,A,A,E,A,V,P,M,L,M,G,V,G,S,G,L,N,T,A
Cephaloticoccus_capnophilus,A,A,V,C,L,S,N,A,C,L,G,F,L,N,A,C,E,T,V,G,C,M,L,I,C,H,Q,V,H,G,N,T,G,S,V,A,L,P,A,L,L,G,I,G,S,G,L,N,S,L
Clostridium_combesii,C,S,V,S,V,K,N,A,C,N,A,F,L,T,G,S,E,S,I,G,V,F,I,I,P,T,Q,V,I,G,N,V,G,A,S,N,I,P,I,M,S,G,V,G,V,G,I,N,I,A
Desulfobacter_curvatus,C,G,V,C,V,K,S,A,C,L,G,M,I,T,G,S,E,T,G,G,C,M,V,V,G,H,Q,V,H,G,N,V,G,S,V,S,L,P,I,F,V,G,V,G,S,G,L,N,C,Y
Desulfobulbus_elongatus,T,S,V,S,I,S,N,A,C,L,G,F,L,D,G,A,E,T,I,G,C,M,L,F,C,H,Q,V,H,G,N,V,G,S,V,S,A,P,I,I,L,G,I,G,S,G,I,N,A,L
Granulosicoccus_antarcticus,T,S,V,C,L,S,N,A,C,L,G,F,V,N,A,D,E,T,L,G,C,M,L,I,I,H,Q,V,H,G,N,I,G,P,A,A,V,P,F,L,V,G,V,G,S,G,L,N,A,A
Isoptericola_variabilis,T,S,V,T,V,A,N,A,C,L,G,F,I,N,G,D,E,T,L,G,C,M,L,V,T,H,Q,V,H,G,N,V,G,P,A,S,V,P,I,L,M,G,V,G,S,G,I,N,T,A
Lysobacter_tolerans,T,S,V,S,V,A,N,A,C,L,A,F,I,N,G,D,E,T,L,G,C,M,L,V,V,H,Q,V,H,G,N,I,G,P,A,S,V,P,I,L,L,G,I,G,S,G,L,N,C,T
Micromonospora_avicenniae,A,S,A,S,L,T,N,A,C,N,S,F,L,N,G,T,E,T,F,G,T,F,L,L,V,H,Q,V,Y,G,N,V,A,S,A,T,I,G,V,C,L,G,L,G,G,G,V,-,-,S
Mobilicoccus_massiliensis,A,S,V,T,V,T,N,A,C,L,G,V,V,N,S,A,E,T,L,G,C,M,L,V,A,H,Q,T,H,G,N,I,G,P,V,A,L,P,F,L,M,G,I,G,S,G,L,N,T,S
Paenibacillus_polysaccharolyticus,T,S,G,T,M,D,A,T,C,L,S,F,L,N,G,A,E,L,F,G,A,F,I,I,P,H,Q,G,A,G,N,T,I,A,A,S,I,P,M,M,I,G,T,A,A,G,L,S,L,G
Psychromonas_aquimarina,T,G,V,C,I,S,N,A,C,L,G,V,L,S,G,S,E,T,G,G,C,M,L,I,C,H,Q,V,N,G,N,M,G,T,V,S,L,P,V,F,L,G,I,G,S,G,L,N,C,M
Saccharothrix_espanaensis,A,S,A,S,V,K,N,A,C,N,S,V,L,N,G,S,E,T,L,S,T,Y,F,G,V,H,Q,V,Y,G,N,V,A,S,A,S,L,P,L,L,V,G,L,A,G,G,V,S,L,G
Virgibacillus_salinus,A,T,V,T,I,S,A,A,C,S,G,F,M,Y,G,G,E,L,F,G,Y,L,V,V,P,H,Q,A,I,G,N,N,S,S,A,S,I,P,I,L,V,G,F,G,G,G,L,T,W,G
Agreia_bicolorata,T,S,V,T,I,A,N,A,C,L,G,F,V,N,G,D,E,T,L,G,C,M,L,I,M,H,Q,V,H,G,N,V,G,P,A,S,I,P,I,L,M,G,V,G,S,G,L,N,T,S
Arthrobacter_globiformis,T,S,V,T,L,A,N,A,C,L,G,F,V,N,G,N,E,T,L,G,C,M,L,I,T,H,Q,V,Y,G,N,V,G,P,A,S,L,P,M,C,M,G,V,G,S,G,L,N,T,A
Cellulomonas_cellasea,T,S,V,T,I,A,N,A,C,L,G,F,V,N,G,A,E,T,L,G,C,M,L,I,L,H,Q,V,H,G,N,V,G,P,A,S,I,P,I,L,M,G,V,G,S,G,L,N,T,A
Kineosphaera_limosa,A,S,V,T,L,T,N,A,C,L,G,V,A,N,A,A,E,T,L,G,C,M,L,V,A,H,Q,T,H,G,N,I,G,P,V,A,M,P,Y,L,M,G,I,G,S,G,L,N,T,S
Kytococcus_sedentarius,T,S,V,S,V,T,N,A,C,L,G,F,V,N,G,N,E,T,L,G,C,M,L,V,I,H,Q,V,H,G,N,M,G,P,A,A,V,P,F,L,M,G,I,G,S,G,L,N,A,C
Microlunatus_phosphovorus,T,S,V,C,V,A,N,A,C,L,G,F,V,N,A,D,E,T,I,G,C,M,L,I,A,H,Q,T,H,G,N,M,G,P,A,A,V,P,F,L,I,G,I,G,S,G,L,N,T,S
Nakamurella_multipartita,T,S,V,S,V,S,N,A,C,L,G,F,V,T,G,D,E,T,L,G,C,G,L,I,F,H,Q,V,H,G,N,I,G,P,A,A,I,P,I,C,M,G,I,G,S,G,L,N,V,G
Okibacterium_fritillariae,T,S,V,T,I,A,N,A,C,L,G,F,V,N,G,D,E,T,L,G,C,M,L,I,L,H,Q,V,H,G,N,V,G,P,A,S,I,P,I,L,M,G,V,G,S,G,L,N,T,A
Sanguibacter_keddieii,T,S,V,T,I,A,N,A,C,L,G,F,I,N,G,D,E,T,L,G,C,M,L,V,M,H,Q,V,H,G,N,V,G,P,A,S,I,P,I,L,M,G,V,G,S,G,L,N,T,S
Citricoccus_muralis,T,S,V,T,I,T,N,A,C,L,G,F,V,N,G,A,E,T,L,G,C,M,L,V,T,H,Q,V,H,G,N,V,G,P,A,S,L,P,I,C,M,G,V,G,S,G,L,N,T,A
Chromatocurvus_halotolerans,T,S,V,S,V,A,N,A,C,L,G,F,L,N,G,D,E,T,L,G,C,M,L,V,I,H,Q,V,H,G,N,V,G,P,A,S,V,P,I,L,L,G,I,G,S,G,L,N,C,S
Nesterenkonia_alba,T,S,V,T,I,T,N,A,C,L,G,F,V,N,A,N,E,T,L,G,C,M,L,V,T,H,Q,V,H,G,N,V,G,P,A,S,L,P,I,C,M,G,V,G,S,G,L,N,T,A
Halobacteriovorax_marinus,A,S,V,C,L,S,N,A,C,L,G,V,V,N,A,S,E,T,I,G,C,M,L,V,G,H,Q,V,H,G,N,T,G,S,A,A,L,P,I,L,L,G,I,G,S,G,L,T,S,I
Kocuria_flava,A,S,V,T,V,T,N,A,C,L,G,F,V,N,G,A,E,T,L,G,C,M,L,I,G,H,Q,V,H,G,N,V,A,A,A,A,L,P,M,L,L,G,V,G,S,G,L,N,A,T
Arenimonas_oryziterrae,T,S,V,S,V,A,N,A,C,L,A,F,L,N,G,D,E,T,L,G,C,M,L,V,I,H,Q,V,H,G,N,I,G,P,A,S,V,P,I,L,L,G,I,G,S,G,L,N,C,S
Thermomonas_haemolytica,T,S,V,S,V,A,N,A,C,L,A,F,I,N,G,D,E,T,L,G,C,M,L,V,I,H,Q,V,H,G,N,I,G,P,A,S,V,P,I,L,L,G,I,G,S,G,L,N,C,S
Silanimonas_lenta,T,S,V,S,V,A,N,A,C,L,A,F,I,N,G,N,E,T,L,G,C,M,L,V,I,H,Q,I,H,G,N,I,G,P,A,S,V,P,I,L,L,G,I,G,S,G,L,N,C,S
Wenzhouxiangella_sediminis,T,S,V,S,V,G,N,A,C,L,A,F,I,N,G,N,E,T,L,G,C,M,L,V,I,H,Q,V,H,G,N,I,G,P,A,S,I,P,T,L,M,G,I,G,S,G,L,N,C,C
Sandaracinus_amylolyticus,T,S,V,C,L,A,N,A,C,L,G,F,L,D,G,D,E,T,L,G,C,M,L,V,I,H,Q,V,H,G,N,V,G,P,A,S,V,P,M,L,M,G,I,G,S,G,L,N,C,A
Brevibacterium_antiquum,T,S,V,T,I,A,N,A,C,L,G,F,V,N,G,A,E,T,L,G,C,M,L,I,M,H,Q,V,H,G,N,V,G,P,A,S,L,P,I,C,M,G,V,G,S,G,L,N,T,A
Sediminihabitans_luteus,T,S,V,T,I,A,N,A,C,L,G,F,V,N,G,D,E,T,L,G,C,M,L,I,L,H,Q,V,H,G,N,V,G,P,A,S,I,P,I,L,M,G,V,G,S,G,L,N,T,S
282669.3.peg.967_Kocuria_mesophile,A,S,V,T,M,T,N,A,C,L,G,F,V,N,A,A,E,T,L,G,A,G,G,P,V,V,T,L,W,H,D,-,-,-,E,A,E,P,I,F,L,D,T,T,L,A,L,-,C,D
1075768.5.peg.2737_Janthinobacterium_psychrophile,A,S,S,T,V,Q,A,V,C,S,G,F,V,Y,A,G,E,L,F,G,A,L,V,I,P,H,Q,A,I,G,N,T,S,A,A,S,I,P,L,M,E,G,V,G,G,G,F,T,W,G
1629713.5.peg.2518_Desulfobulbaceae_psychrophile,T,S,V,S,I,S,N,A,C,L,G,F,L,D,G,S,E,T,I,G,C,M,L,F,C,H,Q,V,H,G,N,V,G,S,V,S,A,P,I,L,L,G,I,G,S,G,I,N,C,M
177439.6.peg.798_Desulfotalea_psychrophile,T,S,V,C,I,S,N,A,C,L,G,F,L,D,G,S,E,T,I,G,C,M,L,C,C,H,Q,V,H,G,N,V,G,T,V,S,A,P,I,M,L,G,I,G,S,G,I,N,S,I
1123057.7.peg.1800_Rhodonellum_psychrophile,A,D,I,R,L,P,F,G,C,P,G,W,L,Q,G,G,E,I,Y,S,T,M,L,L,I,H,Q,A,M,G,N,N,S,V,A,T,I,P,I,L,A,S,V,G,A,G,M,N,V,N
2483033.3.peg.4057_Sedimentitalea_mesophile,A,C,A,V,V,N,A,S,C,L,S,F,L,T,A,S,E,L,F,G,C,G,F,V,P,H,Q,A,A,G,N,Q,I,A,A,S,M,P,T,M,L,G,T,S,A,G,V,N,F,G
2508880.3.peg.322_Salinibacterium_psychrophile,T,S,V,S,V,A,N,A,C,L,G,F,V,S,G,N,E,T,L,G,C,M,L,V,T,H,Q,V,H,G,N,V,G,P,A,S,I,P,I,L,M,G,V,G,S,G,L,N,T,A
254787.3.peg.2962_Paeniglutamicibacter_psychrophile,T,S,V,T,I,T,N,A,C,L,G,F,V,N,G,A,E,T,L,G,C,M,L,V,T,H,Q,V,Y,G,N,V,G,P,A,S,L,P,M,C,M,G,V,G,S,G,L,N,T,A
756698.3.peg.3339_Moritella_psychrophile,T,G,V,C,I,S,N,A,C,L,G,A,L,S,G,S,E,T,G,G,C,M,L,I,C,H,Q,V,N,G,N,M,G,T,V,S,L,P,V,F,L,G,I,G,S,G,L,N,C,M
698738.7.peg.1803_Oleispira_psychrophile,C,S,I,A,V,S,N,A,C,A,G,M,F,S,G,S,E,T,V,G,A,Y,H,I,H,H,Q,V,F,G,N,T,S,S,T,S,H,F,I,M,V,P,A,A,S,G,F,V,T,G
1220571.3.peg.752_Alicyclobacillus_thermophile,A,T,V,T,L,S,A,A,C,T,G,F,L,Y,G,G,D,L,F,G,M,I,L,V,P,H,Q,A,I,G,N,T,S,A,A,S,I,P,V,L,V,G,F,G,A,G,L,T,W,G
1169913.3.peg.856_Vulcaniibacterium_thermophile,T,S,V,S,V,A,N,A,C,L,A,F,L,N,G,D,E,T,L,G,C,M,L,V,I,H,Q,V,H,G,N,I,G,P,A,S,V,P,I,L,L,G,I,G,S,G,L,N,C,S
2026735.166.peg.848_Deltaproteobacteria_psychrophile,A,T,L,S,I,R,Q,Q,C,T,G,F,L,Y,G,G,E,C,L,N,L,P,I,I,P,H,Q,A,I,G,N,T,T,A,A,S,I,P,L,F,L,G,L,G,S,G,V,-,-,T
2026735.148.peg.1837_Deltaproteobacteria_psychrophile,T,S,V,C,L,G,N,A,C,L,G,F,L,N,A,D,E,T,L,G,C,M,L,I,L,H,Q,V,N,G,N,V,G,P,A,A,V,P,M,L,M,G,I,G,S,G,L,N,C,S
2026799.183.peg.457_Verrucomicrobia_psychrophile,A,S,V,C,L,S,N,A,C,L,G,F,L,N,S,V,E,T,I,G,C,M,L,V,C,H,Q,V,H,G,N,T,G,S,A,A,L,P,V,L,L,G,I,G,S,G,I,N,C,M
2026809.16.peg.2167_Epsilonproteobacteria_psychrophile,A,S,V,C,L,S,N,A,C,L,G,V,L,N,S,S,E,T,I,G,C,M,L,I,G,H,Q,V,H,G,N,T,G,S,A,A,L,P,L,L,L,G,I,G,S,G,L,S,S,I
326427.4.peg.556_Chloroflexus_thermophile,T,S,V,C,V,R,N,A,C,L,G,F,L,N,G,D,E,T,L,G,C,M,L,A,P,H,Q,V,H,G,N,I,G,P,A,A,L,P,I,L,L,G,I,G,S,G,L,N,C,S
575540.3.peg.2557_Isosphaera_thermophile,G,G,V,S,V,S,N,A,C,L,G,V,L,T,G,S,E,T,G,G,C,V,V,I,C,H,Q,V,H,G,N,I,G,T,V,S,L,P,L,W,L,G,I,A,S,G,L,N,C,M
KJAEJPNA_02951_Proteobacteria_NA_HK1_marine,A,G,V,C,V,S,N,A,C,L,G,V,L,N,G,A,E,T,G,G,C,M,V,I,C,H,Q,V,H,G,N,M,G,T,V,S,L,P,L,F,L,G,I,G,S,G,L,N,C,L
HBIFKGPJ_00817_Verrucomicrobiota_MB11C04_MB11C04_marine,S,A,V,C,I,S,N,A,C,L,G,F,L,N,A,A,E,T,I,G,C,M,L,V,T,H,Q,V,H,G,N,C,G,S,V,S,L,P,I,L,L,G,I,G,S,G,L,S,S,L
LEOFMAAP_01462_Desulfobacterota_UBA2156_UBA2156_marine,G,G,V,C,I,S,N,A,C,L,G,V,L,N,G,A,E,T,G,G,C,E,I,I,C,H,Q,V,H,G,N,I,G,S,V,S,L,P,I,F,L,G,I,G,S,G,L,N,C,L
EHFHOKCJ_02025_Acidobacteriota_UBA8438_UBA8438_marine,G,G,V,C,T,C,N,A,C,L,G,V,M,N,A,S,E,T,G,G,S,M,T,I,C,H,Q,V,H,G,N,I,G,T,V,S,I,P,I,F,F,G,I,G,S,G,L,N,C,L
BOCAEBNK_01452_Planctomycetota_Pirellulaceae_UBA11883_marine,G,S,V,C,V,S,N,A,C,L,G,Q,L,N,G,G,E,T,I,G,C,A,L,Y,C,H,Q,V,H,G,N,T,G,S,A,A,L,P,V,M,L,G,I,G,S,G,I,N,C,L
LNBHEIKM_01765_Verrucomicrobiota_Opitutaceae_UBA5691_marine,C,S,V,S,V,S,N,A,C,L,G,F,L,N,S,S,E,T,I,G,C,M,M,V,C,H,Q,V,H,G,N,T,G,S,A,A,L,P,L,L,L,G,I,G,S,G,L,N,C,L
MDAOOEFB_04742_Myxococcota_UBA6777_UBA6777_marine,G,G,V,C,V,S,N,A,C,L,G,V,L,T,G,S,E,T,G,G,C,G,M,I,C,H,Q,V,H,G,N,M,G,T,V,A,L,P,L,F,L,G,I,G,S,G,L,N,C,L
KMMHOJIE_01354_UBP17_UBA6191_UBA6191_marine,C,S,V,C,V,S,N,A,C,L,G,F,A,T,G,S,E,T,L,G,C,M,L,F,S,H,Q,V,H,G,N,T,G,S,V,A,M,P,I,L,M,G,I,G,S,G,L,V,C,T
DFCJGBFB_01261_Planctomycetota_Planctomycetaceae_Fuerstia_marine,G,S,V,C,V,S,N,A,C,L,G,L,L,N,G,G,E,T,I,G,C,M,L,Y,T,H,Q,V,H,G,N,T,G,A,V,A,L,P,M,L,L,G,I,G,S,G,L,N,S,V
GCDEAADJ_01881_Planctomycetota_Pirellulaceae_UBA721_marine,G,S,V,C,L,S,N,A,C,L,G,Q,L,N,G,G,E,T,I,G,C,A,L,F,C,H,Q,V,H,G,N,T,G,S,A,A,L,P,V,L,L,G,I,G,S,G,I,N,C,L
GPLNKHOO_02694_Proteobacteria_Alteromonadaceae_Colwellia_marine,T,G,V,C,I,S,N,A,C,L,G,V,L,S,G,S,E,T,G,G,C,M,L,I,C,H,Q,V,N,G,N,M,G,T,V,S,L,P,V,F,L,G,I,G,S,G,L,N,C,M
DEBJIJGM_01967_Planctomycetota_Pirellulaceae_SAT2750_marine,G,S,V,C,V,S,N,A,C,L,G,L,L,N,A,G,E,T,I,G,C,A,L,I,C,H,Q,V,H,G,N,T,G,S,V,A,L,P,I,L,M,G,I,G,S,G,I,N,C,L
JICLLOGD_01998_Verrucomicrobiota_Opitutaceae_UBA5691_marine,C,S,V,S,V,S,N,A,C,L,G,F,L,N,S,S,E,T,I,G,C,M,M,I,C,H,Q,V,H,G,N,T,G,S,A,A,L,P,I,M,L,G,I,G,S,G,L,N,C,L
KBIHHBEC_00076_Planctomycetota_NA_Brocadiae_marine,A,G,V,C,V,S,N,A,C,L,G,V,M,N,G,S,E,T,G,G,C,M,I,I,C,H,Q,V,H,G,N,I,G,T,V,S,L,P,L,F,L,G,I,G,S,G,L,N,C,L
IGJJDNCB_00140_Nitrospinota_Nitrospinaceae_UBA8687_marine,A,S,V,C,V,S,N,A,C,L,G,V,L,N,G,S,E,T,I,G,C,M,L,F,C,H,Q,V,H,G,N,T,G,S,A,S,L,P,V,L,L,G,I,G,S,G,L,N,C,L
CAPHBDKE_00217_Proteobacteria_UBA4486_UBA7359_marine,T,G,V,C,I,S,N,A,C,L,G,V,M,N,G,S,E,T,G,G,C,M,V,I,C,H,Q,V,H,G,N,I,G,T,V,S,V,P,L,F,L,G,I,G,S,G,L,N,C,L
AGKJGFPI_02100_Gemmatimonadota_UBA6960_UBA822_marine,A,G,V,C,V,S,N,A,C,L,G,V,L,N,G,S,E,T,G,G,C,A,V,V,C,H,Q,V,H,G,N,T,G,T,A,A,L,P,V,L,L,G,I,G,S,G,L,N,C,M
COMALLLH_01633_Proteobacteria_Alteromonadaceae_Colwellia_marine,T,G,V,C,I,S,N,A,C,L,G,A,L,S,G,S,E,T,G,G,C,M,L,I,C,H,Q,V,N,G,N,M,G,T,V,S,L,P,V,F,L,G,I,G,S,G,L,N,C,M
EOFIDKNB_01110_Gemmatimonadota_UBA6960_UBA1138_marine,A,G,V,C,I,S,N,A,C,L,G,I,L,N,G,S,E,T,G,G,C,M,V,I,C,H,Q,V,H,G,N,I,G,T,V,S,L,P,L,F,L,G,I,G,S,G,L,N,C,M
JNICHHHL_03707_Verrucomicrobiota_Akkermansiaceae_Akkermansiaceae_marine,A,G,V,C,L,S,N,A,C,L,G,V,L,N,G,S,E,T,G,G,C,M,V,I,C,H,Q,V,H,G,N,M,G,T,V,S,L,P,V,F,L,G,I,G,S,G,L,N,C,M
PPJKJBEN_01083_Proteobacteria_Alteromonadaceae_Alteromonadaceae_marine,T,G,V,C,I,S,N,A,C,L,G,A,L,S,G,S,E,T,G,G,C,M,L,I,C,H,Q,V,N,G,N,M,G,T,V,S,L,P,V,F,L,G,I,G,S,G,L,N,C,M
OILHCALI_01638_Verrucomicrobiota_Opitutaceae_UBA6669_marine,A,A,V,S,V,S,N,A,C,L,G,F,L,N,A,S,E,T,I,G,C,M,L,I,C,H,Q,V,H,G,N,T,G,S,V,A,L,P,A,L,L,G,I,G,S,G,L,N,C,L
GMOMBGHN_01628_Proteobacteria_Alteromonadaceae_Colwellia_marine,T,G,V,C,I,S,N,A,C,L,G,V,L,S,G,S,E,T,G,G,C,M,L,I,C,H,Q,V,N,G,N,M,G,T,V,S,L,P,V,F,L,G,I,G,S,G,L,N,C,M
