nams,X1,X2,X3,X4,X5,X6,X7,X8,X9,X10,X11,X12,X13,X14,X15,X16,X17,X18,X19,X20,X21,X22,X23,X24
Xanthomonas_campestris_pv._campestris_str._ATCC_33913,V,S,E,E,T,A,V,L,N,L,M,L,I,A,I,H,T,F,I,L,I,L,C,M
Actinomycetospora_chiangmaiensis,V,S,E,E,T,S,A,V,Q,A,M,L,M,A,L,H,T,V,I,M,V,I,A,A
Actinoplanes_atraurantiacus,A,T,E,E,T,P,A,F,D,E,Y,L,E,G,V,Y,L,F,M,V,L,-,V,L
Agrococcus_casei,V,S,E,E,D,M,V,L,D,Y,M,L,M,I,P,H,V,L,V,L,V,L,T,M
Allokutzneria_albata,A,S,E,E,R,V,-,V,T,V,L,D,L,A,I,Y,V,F,V,V,L,L,L,V
Anaerocolumna_xylanovorans,L,T,E,E,V,L,F,V,V,L,F,L,F,A,P,I,I,S,M,L,V,F,V,L
Auraticoccus_monumenti,V,S,E,E,N,I,L,L,D,L,M,L,L,A,S,H,I,L,M,L,I,L,T,F
Bacteroides_luti,V,S,E,D,T,I,P,M,N,K,V,V,I,V,L,I,D,I,T,C,F,L,W,S
Brachybacterium_alimentarium,V,S,E,E,D,V,V,L,D,M,M,L,I,I,P,Y,T,F,V,M,V,L,T,M
Cephaloticoccus_capnophilus,V,C,E,E,D,S,L,V,E,T,M,L,V,A,C,H,R,L,T,L,I,L,S,M
Clostridium_combesii,V,S,E,E,A,L,W,I,G,G,F,I,R,G,P,I,N,M,V,S,V,I,I,T
Desulfobacter_curvatus,V,C,E,E,S,A,I,G,S,R,M,V,V,V,G,H,H,F,V,V,V,L,C,F
Desulfobulbus_elongatus,V,S,E,E,T,A,L,I,G,Q,M,L,I,A,C,H,A,L,V,L,I,I,A,M
Granulosicoccus_antarcticus,V,C,E,E,G,T,I,L,S,L,M,L,T,G,I,H,T,M,I,V,V,L,A,F
Isoptericola_variabilis,V,T,E,E,D,A,V,L,S,A,M,L,L,V,T,H,T,I,V,M,V,I,T,M
Lysobacter_tolerans,V,S,E,E,T,A,A,L,N,L,M,L,M,A,V,H,T,L,I,L,I,L,C,M
Micromonospora_avicenniae,A,S,E,E,T,P,S,F,G,I,F,L,E,G,V,Y,L,F,V,L,L,V,-,I
Mobilicoccus_massiliensis,V,T,E,E,G,A,M,L,G,M,M,L,L,A,A,H,I,L,I,M,I,L,T,M
Paenibacillus_polysaccharolyticus,G,T,L,E,I,A,G,F,D,P,F,I,S,L,P,A,M,I,T,I,T,L,L,G
Psychromonas_aquimarina,V,C,E,E,S,A,I,G,G,L,M,L,V,A,C,N,Q,V,M,L,I,L,C,M
Saccharothrix_espanaensis,A,S,E,E,A,P,A,L,G,G,Y,F,A,K,V,Y,L,F,V,V,L,V,L,L
Virgibacillus_salinus,V,T,F,E,K,L,I,F,D,E,L,V,V,M,P,I,M,A,N,V,F,L,W,A
Agreia_bicolorata,V,T,E,E,D,A,I,L,S,V,M,L,M,V,M,H,T,I,V,M,V,L,T,M
Arthrobacter_globiformis,V,T,E,E,D,A,T,L,G,I,M,L,L,V,T,Y,T,I,V,M,V,L,T,M
Cellulomonas_cellasea,V,T,E,E,D,A,I,L,S,V,M,L,M,V,L,H,T,I,V,M,V,L,T,M
Kineosphaera_limosa,V,T,E,E,G,S,M,L,G,M,M,L,L,A,A,H,I,L,I,M,I,L,T,M
Kytococcus_sedentarius,V,S,E,E,T,T,T,L,D,F,M,L,I,S,I,H,T,I,M,M,I,L,A,C
Microlunatus_phosphovorus,V,C,E,E,G,S,I,I,S,L,M,L,I,A,A,H,L,M,M,I,I,L,T,F
Nakamurella_multipartita,V,S,E,E,G,T,I,L,T,I,G,L,I,A,F,H,T,M,I,M,I,L,V,V
Okibacterium_fritillariae,V,T,E,E,D,A,I,L,S,V,M,L,M,V,L,H,T,I,V,M,V,L,T,M
Sanguibacter_keddieii,V,T,E,E,D,A,V,L,S,V,M,L,M,V,M,H,T,I,V,M,V,L,T,M
Citricoccus_muralis,V,T,E,E,D,S,V,L,D,H,M,L,L,V,T,H,T,I,V,M,V,L,T,M
Chromatocurvus_halotolerans,V,S,E,E,S,S,L,L,N,M,M,L,L,A,I,H,T,L,V,L,I,L,C,M
Nesterenkonia_alba,V,T,E,E,D,A,V,L,D,H,M,L,L,V,T,H,T,I,V,M,V,L,T,M
Halobacteriovorax_marinus,V,C,E,E,N,G,L,I,D,G,M,L,L,A,G,H,E,T,T,L,I,L,S,M
Kocuria_flava,V,T,E,E,D,P,W,L,G,F,M,L,V,L,G,H,T,L,V,L,V,L,A,Y
Arenimonas_oryziterrae,V,S,E,E,T,A,V,L,N,L,M,L,L,A,I,H,T,F,I,L,I,L,C,M
Thermomonas_haemolytica,V,S,E,E,T,A,A,L,N,I,M,L,I,A,I,H,T,F,I,L,I,L,C,M
Silanimonas_lenta,V,S,E,E,N,A,V,L,N,L,M,L,I,A,I,H,T,F,I,L,I,L,C,M
Wenzhouxiangella_sediminis,V,S,E,E,N,S,I,L,W,N,M,L,M,A,I,H,T,F,I,M,I,L,C,M
Sandaracinus_amylolyticus,V,C,E,E,G,S,A,L,H,A,M,L,L,A,I,H,T,L,V,M,I,L,C,M
Brevibacterium_antiquum,V,T,E,E,D,A,V,L,D,H,M,L,M,V,M,H,V,I,V,M,V,L,T,M
Sediminihabitans_luteus,V,T,E,E,D,A,M,L,S,V,M,L,M,V,L,H,T,I,V,M,V,L,T,M
282669.3.peg.967_Kocuria_mesophile,V,T,E,E,D,P,W,L,Q,L,G,G,L,R,V,W,G,I,-,L,T,L,C,P
1075768.5.peg.2737_Janthinobacterium_psychrophile,S,T,G,E,V,F,I,F,A,V,L,V,V,L,P,I,M,T,T,E,V,F,W,A
1629713.5.peg.2518_Desulfobulbaceae_psychrophile,V,S,E,E,T,A,L,I,N,T,M,L,V,A,C,H,A,L,V,L,I,I,C,M
177439.6.peg.798_Desulfotalea_psychrophile,V,C,E,E,T,A,L,I,D,T,M,L,V,A,C,H,F,L,V,L,I,I,S,V
1123057.7.peg.1800_Rhodonellum_psychrophile,I,R,V,E,-,-,-,Y,H,Y,M,L,R,Y,I,M,D,I,N,A,V,M,V,A
2483033.3.peg.4057_Sedimentitalea_mesophile,A,V,L,E,-,-,V,F,N,D,G,F,K,F,P,A,L,M,Q,L,T,V,F,G
2508880.3.peg.322_Salinibacterium_psychrophile,V,S,E,E,D,A,I,L,S,V,M,L,L,V,T,H,T,I,V,M,V,L,T,M
254787.3.peg.2962_Paeniglutamicibacter_psychrophile,V,T,E,E,D,A,T,L,G,L,M,L,L,V,T,Y,T,I,V,M,V,L,T,M
756698.3.peg.3339_Moritella_psychrophile,V,C,E,E,S,A,I,G,G,L,M,L,V,A,C,N,Q,V,M,L,I,L,C,M
698738.7.peg.1803_Oleispira_psychrophile,I,A,E,E,Y,I,I,V,R,Y,Y,H,L,W,H,F,V,L,T,V,A,F,T,F
1220571.3.peg.752_Alicyclobacillus_thermophile,V,T,F,D,L,L,V,F,T,A,I,L,F,A,P,I,I,A,T,V,F,L,W,A
1169913.3.peg.856_Vulcaniibacterium_thermophile,V,S,E,E,T,A,A,L,D,L,M,L,L,G,I,H,T,F,I,L,I,L,C,M
2026735.166.peg.848_Deltaproteobacteria_psychrophile,L,S,F,E,-,-,V,L,N,R,P,I,V,L,P,I,N,Y,T,L,L,V,-,W
2026735.148.peg.1837_Deltaproteobacteria_psychrophile,V,C,E,E,N,S,V,L,Q,V,M,L,V,A,L,N,T,L,V,M,I,L,C,M
2026799.183.peg.457_Verrucomicrobia_psychrophile,V,C,E,E,N,G,L,I,D,A,M,L,V,A,C,H,R,L,T,L,I,I,C,M
2026809.16.peg.2167_Epsilonproteobacteria_psychrophile,V,C,E,E,N,S,L,I,S,G,M,L,I,S,G,H,E,L,T,L,I,L,S,M
326427.4.peg.556_Chloroflexus_thermophile,V,C,E,E,G,S,A,L,Q,P,M,L,V,A,P,H,M,V,I,L,I,L,C,M
575540.3.peg.2557_Isosphaera_thermophile,V,S,E,E,S,A,I,G,G,I,V,V,A,G,C,H,R,I,I,L,I,L,C,M
KJAEJPNA_02951_Proteobacteria_NA_HK1_marine,V,C,E,E,S,A,I,G,V,F,M,V,V,G,C,H,R,I,M,L,I,L,C,M
HBIFKGPJ_00817_Verrucomicrobiota_MB11C04_MB11C04_marine,V,C,E,E,N,G,L,I,N,G,M,L,V,A,T,H,Q,I,C,L,I,L,S,M
LEOFMAAP_01462_Desulfobacterota_UBA2156_UBA2156_marine,V,C,E,E,S,S,I,G,G,M,E,I,V,G,C,H,Q,I,I,L,I,L,C,M
EHFHOKCJ_02025_Acidobacteriota_UBA8438_UBA8438_marine,V,C,E,E,S,A,I,G,G,A,M,T,V,G,C,H,R,I,I,F,I,L,C,L
BOCAEBNK_01452_Planctomycetota_Pirellulaceae_UBA11883_marine,V,C,E,E,D,S,L,I,G,R,A,L,I,G,C,H,R,M,T,L,I,I,C,M
LNBHEIKM_01765_Verrucomicrobiota_Opitutaceae_UBA5691_marine,V,S,E,E,N,G,L,I,D,S,M,M,V,A,C,H,Q,L,T,L,I,L,C,M
MDAOOEFB_04742_Myxococcota_UBA6777_UBA6777_marine,V,C,E,E,S,S,I,G,G,P,G,M,V,G,C,H,Q,I,M,L,I,L,C,M
KMMHOJIE_01354_UBP17_UBA6191_UBA6191_marine,V,C,E,E,A,A,V,L,G,P,M,L,T,A,S,H,R,V,T,M,I,L,C,M
DFCJGBFB_01261_Planctomycetota_Planctomycetaceae_Fuerstia_marine,V,C,E,E,T,G,L,I,D,V,M,L,I,A,T,H,R,L,T,L,I,L,S,M
GCDEAADJ_01881_Planctomycetota_Pirellulaceae_UBA721_marine,V,C,E,E,D,S,L,I,G,K,A,L,I,G,C,H,R,M,T,L,I,I,C,M
GPLNKHOO_02694_Proteobacteria_Alteromonadaceae_Colwellia_marine,V,C,E,E,S,A,I,G,G,L,M,L,V,A,C,N,Q,V,M,L,I,L,C,M
DEBJIJGM_01967_Planctomycetota_Pirellulaceae_SAT2750_marine,V,C,E,E,E,S,L,I,I,Q,A,L,I,G,C,H,R,L,T,M,I,I,C,M
JICLLOGD_01998_Verrucomicrobiota_Opitutaceae_UBA5691_marine,V,S,E,E,N,G,L,I,D,S,M,M,V,A,C,H,Q,L,T,L,I,L,C,M
KBIHHBEC_00076_Planctomycetota_NA_Brocadiae_marine,V,C,E,E,T,A,I,G,G,I,M,I,V,G,C,H,R,I,I,L,I,L,C,M
IGJJDNCB_00140_Nitrospinota_Nitrospinaceae_UBA8687_marine,V,C,E,E,N,G,L,I,N,G,M,L,C,A,C,H,R,M,T,L,I,L,C,M
CAPHBDKE_00217_Proteobacteria_UBA4486_UBA7359_marine,V,C,E,E,T,S,I,G,G,V,M,V,A,G,C,H,R,I,I,L,I,L,C,M
AGKJGFPI_02100_Gemmatimonadota_UBA6960_UBA822_marine,V,C,E,E,T,A,I,G,G,L,A,V,V,G,C,H,R,M,T,L,I,L,C,M
COMALLLH_01633_Proteobacteria_Alteromonadaceae_Colwellia_marine,V,C,E,E,S,A,I,G,G,L,M,L,V,A,C,N,Q,V,M,L,I,L,C,M
EOFIDKNB_01110_Gemmatimonadota_UBA6960_UBA1138_marine,V,C,E,E,T,A,I,G,L,A,M,V,V,A,C,H,R,I,I,L,I,L,C,M
JNICHHHL_03707_Verrucomicrobiota_Akkermansiaceae_Akkermansiaceae_marine,V,C,E,E,S,A,I,G,G,I,M,V,V,G,C,H,Q,I,M,L,I,L,C,M
PPJKJBEN_01083_Proteobacteria_Alteromonadaceae_Alteromonadaceae_marine,V,C,E,E,S,A,I,G,G,L,M,L,V,A,C,N,Q,V,M,L,I,L,C,M
OILHCALI_01638_Verrucomicrobiota_Opitutaceae_UBA6669_marine,V,S,E,E,N,G,L,I,D,T,M,L,V,A,C,H,R,L,T,L,I,L,C,M
GMOMBGHN_01628_Proteobacteria_Alteromonadaceae_Colwellia_marine,V,C,E,E,S,A,I,G,G,L,M,L,V,A,C,N,Q,V,M,L,I,L,C,M
